breakpoint,attrID,property,declared,computed,status
_,board,backgroundColor,"rgb(22,24,28)","rgb(22, 24, 28)",ok
_,board,paddingLeft,40px,40px,ok
_,board,paddingRight,40px,40px,ok
_,board,fontFamily,"'Noto Sans TC','PingFang TC','Hiragino Sans TC','Microsoft JhengHei',sans-serif","""Noto Sans TC"", ""PingFang TC"", ""Hiragino Sans TC"", ""Microsoft JhengHei"", sans-serif",ok
_,contact,backgroundColor,"rgb(250,250,247)","rgb(250, 250, 247)",ok
_,contact,paddingLeft,40px,40px,ok
_,contact,paddingRight,40px,40px,ok
_,contact,fontFamily,"'Noto Sans TC','PingFang TC','Hiragino Sans TC','Microsoft JhengHei',sans-serif","""Noto Sans TC"", ""PingFang TC"", ""Hiragino Sans TC"", ""Microsoft JhengHei"", sans-serif",ok
_,figure,backgroundColor,"rgb(250,250,247)","rgb(250, 250, 247)",ok
_,figure,paddingLeft,40px,40px,ok
_,figure,paddingRight,40px,40px,ok
_,figure,fontFamily,"'Noto Sans TC','PingFang TC','Hiragino Sans TC','Microsoft JhengHei',sans-serif","""Noto Sans TC"", ""PingFang TC"", ""Hiragino Sans TC"", ""Microsoft JhengHei"", sans-serif",ok
_,matrix,backgroundColor,"rgb(243,243,239)","rgb(243, 243, 239)",ok
_,matrix,paddingLeft,40px,40px,ok
_,matrix,paddingRight,40px,40px,ok
_,matrix,fontFamily,"'Noto Sans TC','PingFang TC','Hiragino Sans TC','Microsoft JhengHei',sans-serif","""Noto Sans TC"", ""PingFang TC"", ""Hiragino Sans TC"", ""Microsoft JhengHei"", sans-serif",ok
_,mk-ar-a-0,display,flex,flex,ok
_,mk-ar-a-0,justifyContent,center,center,ok
_,mk-ar-a-0,alignItems,center,center,ok
_,mk-ar-a-1,display,flex,flex,ok
_,mk-ar-a-1,justifyContent,center,center,ok
_,mk-ar-a-1,alignItems,center,center,ok
_,mk-ar-a-2,display,flex,flex,ok
_,mk-ar-a-2,justifyContent,center,center,ok
_,mk-ar-a-2,alignItems,center,center,ok
_,mk-ar-b-0,display,flex,flex,ok
_,mk-ar-b-0,justifyContent,center,center,ok
_,mk-ar-b-0,alignItems,center,center,ok
_,mk-ar-b-1,display,flex,flex,ok
_,mk-ar-b-1,justifyContent,center,center,ok
_,mk-ar-b-1,alignItems,center,center,ok
_,mk-ar-b-2,display,flex,flex,ok
_,mk-ar-b-2,justifyContent,center,center,ok
_,mk-ar-b-2,alignItems,center,center,ok
_,mk-board-city,customDeclarations:overflow,hidden,no computed value,not-comparable
_,mk-board-city,customDeclarations:height,34px,34px,ok
_,mk-board-code,display,flex,flex,ok
_,mk-board-code,columnGap,8px,8px,ok
_,mk-board-head,display,flex,flex,ok
_,mk-board-head,justifyContent,space-between,space-between,ok
_,mk-board-head,columnGap,20px,20px,ok
_,mk-board-head,rowGap,8px,8px,ok
_,mk-board-head,customDeclarations:flex-wrap,wrap,wrap,ok
_,mk-board-in,width,100%,viewport- or parent-relative,not-comparable
_,mk-board-in,maxWidth,1240px,1240px,ok
_,mk-board-in,marginLeft,auto,auto resolves to a used value (60px),not-comparable
_,mk-board-in,marginRight,auto,auto resolves to a used value (60px),not-comparable
_,mk-board-pad,paddingTop,72px,72px,ok
_,mk-board-pad,paddingBottom,72px,72px,ok
_,mk-board-row,display,flex,flex,ok
_,mk-board-row,alignItems,center,center,ok
_,mk-board-row,columnGap,26px,26px,ok
_,mk-board-row,marginTop,34px,34px,ok
_,mk-board-row,customDeclarations:flex-wrap,wrap,wrap,ok
_,mk-board-utc,customDeclarations:overflow,hidden,no computed value,not-comparable
_,mk-board-utc,customDeclarations:height,34px,34px,ok
_,mk-caret-row,display,flex,flex,ok
_,mk-caret-row,alignItems,center,center,ok
_,mk-caret-row,marginTop,10px,10px,ok
_,mk-colophon,paddingLeft,40px,40px,ok
_,mk-colophon,paddingRight,40px,40px,ok
_,mk-colophon-card,backgroundColor,"rgb(250,250,247)","rgb(250, 250, 247)",ok
_,mk-colophon-card,maxWidth,520px,520px,ok
_,mk-colophon-card,width,100%,viewport- or parent-relative,not-comparable
_,mk-colophon-card,flexDirection,column,column,ok
_,mk-colophon-card,rowGap,0px,0px,ok
_,mk-colophon-card,position,relative,relative,ok
_,mk-colophon-card,paddingTop,34px,34px,ok
_,mk-colophon-card,paddingBottom,30px,30px,ok
_,mk-colophon-card,paddingLeft,34px,34px,ok
_,mk-colophon-card,paddingRight,34px,34px,ok
_,mk-colophon-card,customDeclarations:border,"1px solid rgb(22,24,28)",no computed value,not-comparable
_,mk-colophon-cta,display,flex,flex,ok
_,mk-colophon-cta,columnGap,14px,14px,ok
_,mk-colophon-cta,rowGap,10px,10px,ok
_,mk-colophon-cta,marginTop,26px,26px,ok
_,mk-colophon-cta,flexWrap,wrap,wrap,ok
_,mk-colophon-cta,alignItems,center,center,ok
_,mk-colophon-go,backgroundColor,"rgb(255,90,54)","rgb(255, 90, 54)",ok
_,mk-colophon-go,color,"rgb(22,24,28)","rgb(22, 24, 28)",ok
_,mk-colophon-go,fontFamily,"'IBM Plex Mono',ui-monospace,SFMono-Regular,Menlo,Consolas,monospace","""IBM Plex Mono"", ui-monospace, SFMono-Regular, Menlo, Consolas, monospace",ok
_,mk-colophon-go,fontSize,11px,11px,ok
_,mk-colophon-go,letterSpacing,0.18em,1.98px,ok
_,mk-colophon-go,fontWeight,500,500,ok
_,mk-colophon-go,paddingLeft,22px,22px,ok
_,mk-colophon-go,paddingRight,22px,22px,ok
_,mk-colophon-go,paddingTop,13px,13px,ok
_,mk-colophon-go,paddingBottom,13px,13px,ok
_,mk-colophon-go,customDeclarations:border,"1px solid rgb(255,90,54)",no computed value,not-comparable
_,mk-colophon-head,display,flex,flex,ok
_,mk-colophon-head,justifyContent,space-between,space-between,ok
_,mk-colophon-head,alignItems,baseline,baseline,ok
_,mk-colophon-head,columnGap,16px,16px,ok
_,mk-colophon-head,paddingBottom,14px,14px,ok
_,mk-colophon-head,customDeclarations:border-bottom,"1px solid rgba(22,24,28,.16)",no computed value,not-comparable
_,mk-colophon-stay,backgroundColor,"rgba(0,0,0,0)","rgba(0, 0, 0, 0)",ok
_,mk-colophon-stay,color,"rgb(90,92,97)","rgb(90, 92, 97)",ok
_,mk-colophon-stay,fontFamily,"'IBM Plex Mono',ui-monospace,SFMono-Regular,Menlo,Consolas,monospace","""IBM Plex Mono"", ui-monospace, SFMono-Regular, Menlo, Consolas, monospace",ok
_,mk-colophon-stay,fontSize,11px,11px,ok
_,mk-colophon-stay,letterSpacing,0.18em,1.98px,ok
_,mk-colophon-stay,fontWeight,400,400,ok
_,mk-colophon-stay,paddingLeft,4px,4px,ok
_,mk-colophon-stay,paddingRight,4px,4px,ok
_,mk-colophon-stay,paddingTop,13px,13px,ok
_,mk-colophon-stay,paddingBottom,13px,13px,ok
_,mk-colophon-stay,cursor,pointer,pointer,ok
_,mk-colophon-veil,backgroundColor,"rgba(22,24,28,.62)","rgba(22, 24, 28, 0.62)",ok
_,mk-contact-head,display,grid,grid,ok
_,mk-contact-head,gridCols,84px 1fr,84px 1156px,ok
_,mk-contact-head,columnGap,0px,0px,ok
_,mk-contact-head,alignItems,start,start,ok
_,mk-contact-head,paddingTop,22px,22px,ok
_,mk-contact-head,customDeclarations:border-top,"1px solid rgba(22,24,28,.16)",no computed value,not-comparable
_,mk-contact-in,width,100%,viewport- or parent-relative,not-comparable
_,mk-contact-in,maxWidth,1240px,1240px,ok
_,mk-contact-in,marginLeft,auto,auto resolves to a used value (60px),not-comparable
_,mk-contact-in,marginRight,auto,auto resolves to a used value (60px),not-comparable
_,mk-contact-pad,paddingTop,84px,84px,ok
_,mk-contact-pad,paddingBottom,96px,96px,ok
_,mk-contact-r-0,display,grid,grid,ok
_,mk-contact-r-0,gridCols,150px 1fr,150px 986px,ok
_,mk-contact-r-0,columnGap,20px,20px,ok
_,mk-contact-r-0,alignItems,baseline,baseline,ok
_,mk-contact-r-0,paddingTop,15px,15px,ok
_,mk-contact-r-0,paddingBottom,15px,15px,ok
_,mk-contact-r-0,customDeclarations:border-top,"1px solid rgba(22,24,28,.16)",no computed value,not-comparable
_,mk-contact-r-1,display,grid,grid,ok
_,mk-contact-r-1,gridCols,150px 1fr,150px 986px,ok
_,mk-contact-r-1,columnGap,20px,20px,ok
_,mk-contact-r-1,alignItems,baseline,baseline,ok
_,mk-contact-r-1,paddingTop,15px,15px,ok
_,mk-contact-r-1,paddingBottom,15px,15px,ok
_,mk-contact-r-1,customDeclarations:border-top,"1px solid rgba(22,24,28,.16)",no computed value,not-comparable
_,mk-contact-r-2,display,grid,grid,ok
_,mk-contact-r-2,gridCols,150px 1fr,150px 986px,ok
_,mk-contact-r-2,columnGap,20px,20px,ok
_,mk-contact-r-2,alignItems,baseline,baseline,ok
_,mk-contact-r-2,paddingTop,15px,15px,ok
_,mk-contact-r-2,paddingBottom,15px,15px,ok
_,mk-contact-r-2,customDeclarations:border-top,"1px solid rgba(22,24,28,.16)",no computed value,not-comparable
_,mk-contact-r-3,display,grid,grid,ok
_,mk-contact-r-3,gridCols,150px 1fr,150px 986px,ok
_,mk-contact-r-3,columnGap,20px,20px,ok
_,mk-contact-r-3,alignItems,baseline,baseline,ok
_,mk-contact-r-3,paddingTop,15px,15px,ok
_,mk-contact-r-3,paddingBottom,15px,15px,ok
_,mk-contact-r-3,customDeclarations:border-top,"1px solid rgba(22,24,28,.16)",no computed value,not-comparable
_,mk-contact-rows,marginTop,34px,34px,ok
_,mk-contact-rows,display,grid,grid,ok
_,mk-contact-rows,rowGap,0px,0px,ok
_,mk-cta-1,backgroundColor,"rgb(255,90,54)","rgb(255, 90, 54)",ok
_,mk-cta-1,color,"rgb(22,24,28)","rgb(22, 24, 28)",ok
_,mk-cta-1,paddingLeft,22px,22px,ok
_,mk-cta-1,paddingRight,22px,22px,ok
_,mk-cta-1,paddingTop,13px,13px,ok
_,mk-cta-1,paddingBottom,13px,13px,ok
_,mk-cta-1,customDeclarations:border,"1px solid rgb(255,90,54)",no computed value,not-comparable
_,mk-cta-1,fontSize,13px,13px,ok
_,mk-cta-1,fontFamily,"'IBM Plex Mono',ui-monospace,SFMono-Regular,Menlo,Consolas,monospace","""IBM Plex Mono"", ui-monospace, SFMono-Regular, Menlo, Consolas, monospace",ok
_,mk-cta-1,letterSpacing,0.1em,1.3px,ok
_,mk-cta-1,radius,0px,no computed value,not-comparable
_,mk-cta-1,cursor,pointer,pointer,ok
_,mk-cta-1,transitionAll,180ms ease,composite or raw value,not-comparable
_,mk-cta-2,backgroundColor,"rgba(0,0,0,0)","rgba(0, 0, 0, 0)",ok
_,mk-cta-2,color,"rgb(22,24,28)","rgb(22, 24, 28)",ok
_,mk-cta-2,paddingLeft,0px,0px,ok
_,mk-cta-2,paddingRight,0px,0px,ok
_,mk-cta-2,paddingTop,13px,13px,ok
_,mk-cta-2,paddingBottom,13px,13px,ok
_,mk-cta-2,customDeclarations:border,"1px solid rgba(0,0,0,0)",no computed value,not-comparable
_,mk-cta-2,customDeclarations:border-bottom-color,"rgb(22,24,28)","rgb(22, 24, 28)",ok
_,mk-cta-2,fontSize,13px,13px,ok
_,mk-cta-2,fontFamily,"'IBM Plex Mono',ui-monospace,SFMono-Regular,Menlo,Consolas,monospace","""IBM Plex Mono"", ui-monospace, SFMono-Regular, Menlo, Consolas, monospace",ok
_,mk-cta-2,letterSpacing,0.1em,1.3px,ok
_,mk-cta-2,radius,0px,no computed value,not-comparable
_,mk-cta-2,cursor,pointer,pointer,ok
_,mk-cta-2,transitionAll,180ms ease,composite or raw value,not-comparable
_,mk-fig-0,display,flex,flex,ok
_,mk-fig-0,alignItems,baseline,baseline,ok
_,mk-fig-0,columnGap,0px,0px,ok
_,mk-fig-0,customDeclarations:font-variant-numeric,tabular-nums,tabular-nums,ok
_,mk-fig-0-d0,customDeclarations:overflow,hidden,no computed value,not-comparable
_,mk-fig-0-d0,customDeclarations:--d,0ms,0ms,ok
_,mk-fig-1,display,flex,flex,ok
_,mk-fig-1,alignItems,baseline,baseline,ok
_,mk-fig-1,columnGap,0px,0px,ok
_,mk-fig-1,customDeclarations:font-variant-numeric,tabular-nums,tabular-nums,ok
_,mk-fig-1-d0,customDeclarations:overflow,hidden,no computed value,not-comparable
_,mk-fig-1-d0,customDeclarations:--d,0ms,0ms,ok
_,mk-fig-1-d1,customDeclarations:overflow,hidden,no computed value,not-comparable
_,mk-fig-1-d1,customDeclarations:--d,70ms,70ms,ok
_,mk-fig-1-d2,customDeclarations:overflow,hidden,no computed value,not-comparable
_,mk-fig-1-d2,customDeclarations:--d,140ms,140ms,ok
_,mk-fig-2,display,flex,flex,ok
_,mk-fig-2,alignItems,baseline,baseline,ok
_,mk-fig-2,columnGap,0px,0px,ok
_,mk-fig-2,customDeclarations:font-variant-numeric,tabular-nums,tabular-nums,ok
_,mk-fig-2-d0,customDeclarations:overflow,hidden,no computed value,not-comparable
_,mk-fig-2-d0,customDeclarations:--d,0ms,0ms,ok
_,mk-fig-2-d1,customDeclarations:overflow,hidden,no computed value,not-comparable
_,mk-fig-2-d1,customDeclarations:--d,70ms,70ms,ok
_,mk-fig-3,display,flex,flex,ok
_,mk-fig-3,alignItems,baseline,baseline,ok
_,mk-fig-3,columnGap,0px,0px,ok
_,mk-fig-3,customDeclarations:font-variant-numeric,tabular-nums,tabular-nums,ok
_,mk-fig-3-d0,customDeclarations:overflow,hidden,no computed value,not-comparable
_,mk-fig-3-d0,customDeclarations:--d,0ms,0ms,ok
_,mk-fig-3-d1,customDeclarations:overflow,hidden,no computed value,not-comparable
_,mk-fig-3-d1,customDeclarations:--d,70ms,70ms,ok
_,mk-fig-3-d2,customDeclarations:overflow,hidden,no computed value,not-comparable
_,mk-fig-3-d2,customDeclarations:--d,140ms,140ms,ok
_,mk-fig2-grid,display,grid,grid,ok
_,mk-fig2-grid,gridCols,1fr 44px 1fr 44px 1fr,384px 44px 384px 44px 384px,ok
_,mk-fig2-grid,columnGap,0px,0px,ok
_,mk-fig2-grid,rowGap,16px,16px,ok
_,mk-fig2-grid,marginTop,34px,34px,ok
_,mk-fig2-head,display,flex,flex,ok
_,mk-fig2-head,justifyContent,space-between,space-between,ok
_,mk-fig2-head,columnGap,20px,20px,ok
_,mk-fig2-head,rowGap,8px,8px,ok
_,mk-fig2-head,customDeclarations:flex-wrap,wrap,wrap,ok
_,mk-fig2-in,width,100%,viewport- or parent-relative,not-comparable
_,mk-fig2-in,maxWidth,1240px,1240px,ok
_,mk-fig2-in,marginLeft,auto,auto resolves to a used value (60px),not-comparable
_,mk-fig2-in,marginRight,auto,auto resolves to a used value (60px),not-comparable
_,mk-fig2-pad,paddingTop,82px,82px,ok
_,mk-fig2-pad,paddingBottom,82px,82px,ok
_,mk-fl-a-0,paddingTop,14px,14px,ok
_,mk-fl-a-0,paddingBottom,14px,14px,ok
_,mk-fl-a-0,paddingLeft,16px,16px,ok
_,mk-fl-a-0,paddingRight,16px,16px,ok
_,mk-fl-a-0,customDeclarations:border,"1px solid rgba(22,24,28,.16)",no computed value,not-comparable
_,mk-fl-a-1,paddingTop,14px,14px,ok
_,mk-fl-a-1,paddingBottom,14px,14px,ok
_,mk-fl-a-1,paddingLeft,16px,16px,ok
_,mk-fl-a-1,paddingRight,16px,16px,ok
_,mk-fl-a-1,customDeclarations:border,"1px solid rgba(22,24,28,.16)",no computed value,not-comparable
_,mk-fl-a-2,paddingTop,14px,14px,ok
_,mk-fl-a-2,paddingBottom,14px,14px,ok
_,mk-fl-a-2,paddingLeft,16px,16px,ok
_,mk-fl-a-2,paddingRight,16px,16px,ok
_,mk-fl-a-2,customDeclarations:border,"1px solid rgba(22,24,28,.16)",no computed value,not-comparable
_,mk-fl-b-0,paddingTop,14px,14px,ok
_,mk-fl-b-0,paddingBottom,14px,14px,ok
_,mk-fl-b-0,paddingLeft,16px,16px,ok
_,mk-fl-b-0,paddingRight,16px,16px,ok
_,mk-fl-b-0,customDeclarations:border,"1px solid rgba(22,24,28,.16)",no computed value,not-comparable
_,mk-fl-b-1,paddingTop,14px,14px,ok
_,mk-fl-b-1,paddingBottom,14px,14px,ok
_,mk-fl-b-1,paddingLeft,16px,16px,ok
_,mk-fl-b-1,paddingRight,16px,16px,ok
_,mk-fl-b-1,customDeclarations:border,"1px solid rgba(22,24,28,.16)",no computed value,not-comparable
_,mk-fl-b-2,paddingTop,14px,14px,ok
_,mk-fl-b-2,paddingBottom,14px,14px,ok
_,mk-fl-b-2,paddingLeft,16px,16px,ok
_,mk-fl-b-2,paddingRight,16px,16px,ok
_,mk-fl-b-2,customDeclarations:border,"1px solid rgba(22,24,28,.16)",no computed value,not-comparable
_,mk-fl-c-0,paddingTop,14px,14px,ok
_,mk-fl-c-0,paddingBottom,14px,14px,ok
_,mk-fl-c-0,paddingLeft,16px,16px,ok
_,mk-fl-c-0,paddingRight,16px,16px,ok
_,mk-fl-c-0,customDeclarations:border,"1px solid rgba(22,24,28,.16)",no computed value,not-comparable
_,mk-fl-c-1,paddingTop,14px,14px,ok
_,mk-fl-c-1,paddingBottom,14px,14px,ok
_,mk-fl-c-1,paddingLeft,16px,16px,ok
_,mk-fl-c-1,paddingRight,16px,16px,ok
_,mk-fl-c-1,customDeclarations:border,"1px solid rgba(22,24,28,.16)",no computed value,not-comparable
_,mk-fl-c-2,paddingTop,14px,14px,ok
_,mk-fl-c-2,paddingBottom,14px,14px,ok
_,mk-fl-c-2,paddingLeft,16px,16px,ok
_,mk-fl-c-2,paddingRight,16px,16px,ok
_,mk-fl-c-2,customDeclarations:border,"1px solid rgba(22,24,28,.16)",no computed value,not-comparable
_,mk-flap-0,customDeclarations:overflow,hidden,no computed value,not-comparable
_,mk-flap-0,customDeclarations:height,86px,86px,ok
_,mk-flap-0,customDeclarations:background,"rgb(30,32,37)",no computed value,not-comparable
_,mk-flap-0,customDeclarations:padding,0 16px,no computed value,not-comparable
_,mk-flap-0,customDeclarations:border,"1px solid rgba(250,250,247,.14)",no computed value,not-comparable
_,mk-flap-1,customDeclarations:overflow,hidden,no computed value,not-comparable
_,mk-flap-1,customDeclarations:height,86px,86px,ok
_,mk-flap-1,customDeclarations:background,"rgb(30,32,37)",no computed value,not-comparable
_,mk-flap-1,customDeclarations:padding,0 16px,no computed value,not-comparable
_,mk-flap-1,customDeclarations:border,"1px solid rgba(250,250,247,.14)",no computed value,not-comparable
_,mk-flap-2,customDeclarations:overflow,hidden,no computed value,not-comparable
_,mk-flap-2,customDeclarations:height,86px,86px,ok
_,mk-flap-2,customDeclarations:background,"rgb(30,32,37)",no computed value,not-comparable
_,mk-flap-2,customDeclarations:padding,0 16px,no computed value,not-comparable
_,mk-flap-2,customDeclarations:border,"1px solid rgba(250,250,247,.14)",no computed value,not-comparable
_,mk-hl1-mask,customDeclarations:overflow,hidden,no computed value,not-comparable
_,mk-hl1-mask,customDeclarations:padding-bottom,.08em,1.28px,ok
_,mk-hl2-mask,customDeclarations:overflow,hidden,no computed value,not-comparable
_,mk-hl2-mask,customDeclarations:padding-bottom,.08em,1.28px,ok
_,mk-idx-0,display,flex,flex,ok
_,mk-idx-0,columnGap,8px,8px,ok
_,mk-idx-0,alignItems,baseline,baseline,ok
_,mk-idx-0,cursor,pointer,pointer,ok
_,mk-idx-0,color,"rgb(107,109,113)","rgb(107, 109, 113)",ok
_,mk-idx-0,fontFamily,"'IBM Plex Mono',ui-monospace,SFMono-Regular,Menlo,Consolas,monospace","""IBM Plex Mono"", ui-monospace, SFMono-Regular, Menlo, Consolas, monospace",ok
_,mk-idx-0,fontSize,10px,10px,ok
_,mk-idx-0,letterSpacing,0.14em,1.4px,ok
_,mk-idx-0,transitionAll,220ms ease,composite or raw value,not-comparable
_,mk-idx-1,display,flex,flex,ok
_,mk-idx-1,columnGap,8px,8px,ok
_,mk-idx-1,alignItems,baseline,baseline,ok
_,mk-idx-1,cursor,pointer,pointer,ok
_,mk-idx-1,color,"rgb(107,109,113)","rgb(107, 109, 113)",ok
_,mk-idx-1,fontFamily,"'IBM Plex Mono',ui-monospace,SFMono-Regular,Menlo,Consolas,monospace","""IBM Plex Mono"", ui-monospace, SFMono-Regular, Menlo, Consolas, monospace",ok
_,mk-idx-1,fontSize,10px,10px,ok
_,mk-idx-1,letterSpacing,0.14em,1.4px,ok
_,mk-idx-1,transitionAll,220ms ease,composite or raw value,not-comparable
_,mk-idx-2,display,flex,flex,ok
_,mk-idx-2,columnGap,8px,8px,ok
_,mk-idx-2,alignItems,baseline,baseline,ok
_,mk-idx-2,cursor,pointer,pointer,ok
_,mk-idx-2,color,"rgb(107,109,113)","rgb(107, 109, 113)",ok
_,mk-idx-2,fontFamily,"'IBM Plex Mono',ui-monospace,SFMono-Regular,Menlo,Consolas,monospace","""IBM Plex Mono"", ui-monospace, SFMono-Regular, Menlo, Consolas, monospace",ok
_,mk-idx-2,fontSize,10px,10px,ok
_,mk-idx-2,letterSpacing,0.14em,1.4px,ok
_,mk-idx-2,transitionAll,220ms ease,composite or raw value,not-comparable
_,mk-idx-3,display,flex,flex,ok
_,mk-idx-3,columnGap,8px,8px,ok
_,mk-idx-3,alignItems,baseline,baseline,ok
_,mk-idx-3,cursor,pointer,pointer,ok
_,mk-idx-3,color,"rgb(107,109,113)","rgb(107, 109, 113)",ok
_,mk-idx-3,fontFamily,"'IBM Plex Mono',ui-monospace,SFMono-Regular,Menlo,Consolas,monospace","""IBM Plex Mono"", ui-monospace, SFMono-Regular, Menlo, Consolas, monospace",ok
_,mk-idx-3,fontSize,10px,10px,ok
_,mk-idx-3,letterSpacing,0.14em,1.4px,ok
_,mk-idx-3,transitionAll,220ms ease,composite or raw value,not-comparable
_,mk-idx-4,display,flex,flex,ok
_,mk-idx-4,columnGap,8px,8px,ok
_,mk-idx-4,alignItems,baseline,baseline,ok
_,mk-idx-4,cursor,pointer,pointer,ok
_,mk-idx-4,color,"rgb(107,109,113)","rgb(107, 109, 113)",ok
_,mk-idx-4,fontFamily,"'IBM Plex Mono',ui-monospace,SFMono-Regular,Menlo,Consolas,monospace","""IBM Plex Mono"", ui-monospace, SFMono-Regular, Menlo, Consolas, monospace",ok
_,mk-idx-4,fontSize,10px,10px,ok
_,mk-idx-4,letterSpacing,0.14em,1.4px,ok
_,mk-idx-4,transitionAll,220ms ease,composite or raw value,not-comparable
_,mk-idx-5,display,flex,flex,ok
_,mk-idx-5,columnGap,8px,8px,ok
_,mk-idx-5,alignItems,baseline,baseline,ok
_,mk-idx-5,cursor,pointer,pointer,ok
_,mk-idx-5,color,"rgb(107,109,113)","rgb(107, 109, 113)",ok
_,mk-idx-5,fontFamily,"'IBM Plex Mono',ui-monospace,SFMono-Regular,Menlo,Consolas,monospace","""IBM Plex Mono"", ui-monospace, SFMono-Regular, Menlo, Consolas, monospace",ok
_,mk-idx-5,fontSize,10px,10px,ok
_,mk-idx-5,letterSpacing,0.14em,1.4px,ok
_,mk-idx-5,transitionAll,220ms ease,composite or raw value,not-comparable
_,mk-idx-6,display,flex,flex,ok
_,mk-idx-6,columnGap,8px,8px,ok
_,mk-idx-6,alignItems,baseline,baseline,ok
_,mk-idx-6,cursor,pointer,pointer,ok
_,mk-idx-6,color,"rgb(107,109,113)","rgb(107, 109, 113)",ok
_,mk-idx-6,fontFamily,"'IBM Plex Mono',ui-monospace,SFMono-Regular,Menlo,Consolas,monospace","""IBM Plex Mono"", ui-monospace, SFMono-Regular, Menlo, Consolas, monospace",ok
_,mk-idx-6,fontSize,10px,10px,ok
_,mk-idx-6,letterSpacing,0.14em,1.4px,ok
_,mk-idx-6,transitionAll,220ms ease,composite or raw value,not-comparable
_,mk-mast,backgroundColor,"rgb(250,250,247)","rgb(250, 250, 247)",ok
_,mk-mast,paddingLeft,40px,40px,ok
_,mk-mast,paddingRight,40px,40px,ok
_,mk-mast,fontFamily,"'Noto Sans TC','PingFang TC','Hiragino Sans TC','Microsoft JhengHei',sans-serif","""Noto Sans TC"", ""PingFang TC"", ""Hiragino Sans TC"", ""Microsoft JhengHei"", sans-serif",ok
_,mk-mast-body,display,grid,grid,ok
_,mk-mast-body,gridCols,1.35fr .65fr,799.188px 384.812px,ok
_,mk-mast-body,columnGap,56px,56px,ok
_,mk-mast-body,rowGap,32px,32px,ok
_,mk-mast-body,alignItems,start,start,ok
_,mk-mast-body,marginTop,26px,26px,ok
_,mk-mast-cta,display,flex,flex,ok
_,mk-mast-cta,columnGap,26px,26px,ok
_,mk-mast-cta,rowGap,10px,10px,ok
_,mk-mast-cta,marginTop,32px,32px,ok
_,mk-mast-cta,flexWrap,wrap,wrap,ok
_,mk-mast-in,width,100%,viewport- or parent-relative,not-comparable
_,mk-mast-in,maxWidth,1240px,1240px,ok
_,mk-mast-in,marginLeft,auto,auto resolves to a used value (0px),not-comparable
_,mk-mast-in,marginRight,auto,auto resolves to a used value (0px),not-comparable
_,mk-mast-lede,color,"rgb(90,92,97)","rgb(90, 92, 97)",ok
_,mk-mast-lede,fontSize,16px,16px,ok
_,mk-mast-lede,lineHeight,2,32px,ok
_,mk-mast-lede,marginTop,0px,0px,ok
_,mk-mast-lede,maxWidth,30em,480px,ok
_,mk-mast-lede,fontFamily,"'Noto Sans TC','PingFang TC','Hiragino Sans TC','Microsoft JhengHei',sans-serif","""Noto Sans TC"", ""PingFang TC"", ""Hiragino Sans TC"", ""Microsoft JhengHei"", sans-serif",ok
_,mk-mast-lines,marginTop,44px,44px,ok
_,mk-mast-meta,display,flex,flex,ok
_,mk-mast-meta,justifyContent,space-between,space-between,ok
_,mk-mast-meta,columnGap,20px,20px,ok
_,mk-mast-meta,rowGap,6px,6px,ok
_,mk-mast-meta,customDeclarations:flex-wrap,wrap,wrap,ok
_,mk-mast-rule,marginTop,16px,16px,ok
_,mk-mast-side,display,grid,grid,ok
_,mk-mast-side,rowGap,0px,0px,ok
_,mk-mast-side,customDeclarations:border-top,"1px solid rgba(22,24,28,.42)",no computed value,not-comparable
_,mk-mast-side-0,display,grid,grid,ok
_,mk-mast-side-0,gridCols,1fr auto,214.562px 156.25px,ok
_,mk-mast-side-0,columnGap,14px,14px,ok
_,mk-mast-side-0,alignItems,baseline,baseline,ok
_,mk-mast-side-0,paddingTop,11px,11px,ok
_,mk-mast-side-0,paddingBottom,11px,11px,ok
_,mk-mast-side-1,display,grid,grid,ok
_,mk-mast-side-1,gridCols,1fr auto,192.25px 178.562px,ok
_,mk-mast-side-1,columnGap,14px,14px,ok
_,mk-mast-side-1,alignItems,baseline,baseline,ok
_,mk-mast-side-1,paddingTop,11px,11px,ok
_,mk-mast-side-1,paddingBottom,11px,11px,ok
_,mk-mast-side-1,customDeclarations:border-top,"1px solid rgba(22,24,28,.16)",no computed value,not-comparable
_,mk-mast-side-2,display,grid,grid,ok
_,mk-mast-side-2,gridCols,1fr auto,262.812px 108px,ok
_,mk-mast-side-2,columnGap,14px,14px,ok
_,mk-mast-side-2,alignItems,baseline,baseline,ok
_,mk-mast-side-2,paddingTop,11px,11px,ok
_,mk-mast-side-2,paddingBottom,11px,11px,ok
_,mk-mast-side-2,customDeclarations:border-top,"1px solid rgba(22,24,28,.16)",no computed value,not-comparable
_,mk-mast-side-3,display,grid,grid,ok
_,mk-mast-side-3,gridCols,1fr auto,328.812px 42px,ok
_,mk-mast-side-3,columnGap,14px,14px,ok
_,mk-mast-side-3,alignItems,baseline,baseline,ok
_,mk-mast-side-3,paddingTop,11px,11px,ok
_,mk-mast-side-3,paddingBottom,11px,11px,ok
_,mk-mast-side-3,customDeclarations:border-top,"1px solid rgba(22,24,28,.16)",no computed value,not-comparable
_,mk-mast-side-4,display,grid,grid,ok
_,mk-mast-side-4,gridCols,1fr auto,306.969px 63.8438px,ok
_,mk-mast-side-4,columnGap,14px,14px,ok
_,mk-mast-side-4,alignItems,baseline,baseline,ok
_,mk-mast-side-4,paddingTop,11px,11px,ok
_,mk-mast-side-4,paddingBottom,11px,11px,ok
_,mk-mast-side-4,customDeclarations:border-top,"1px solid rgba(22,24,28,.16)",no computed value,not-comparable
_,mk-mx-c-0-0,display,flex,flex,ok
_,mk-mx-c-0-0,justifyContent,center,center,ok
_,mk-mx-c-0-1,display,flex,flex,ok
_,mk-mx-c-0-1,justifyContent,center,center,ok
_,mk-mx-c-0-2,display,flex,flex,ok
_,mk-mx-c-0-2,justifyContent,center,center,ok
_,mk-mx-c-1-0,display,flex,flex,ok
_,mk-mx-c-1-0,justifyContent,center,center,ok
_,mk-mx-c-1-1,display,flex,flex,ok
_,mk-mx-c-1-1,justifyContent,center,center,ok
_,mk-mx-c-1-2,display,flex,flex,ok
_,mk-mx-c-1-2,justifyContent,center,center,ok
_,mk-mx-c-2-0,display,flex,flex,ok
_,mk-mx-c-2-0,justifyContent,center,center,ok
_,mk-mx-c-2-1,display,flex,flex,ok
_,mk-mx-c-2-1,justifyContent,center,center,ok
_,mk-mx-c-2-2,display,flex,flex,ok
_,mk-mx-c-2-2,justifyContent,center,center,ok
_,mk-mx-c-3-0,display,flex,flex,ok
_,mk-mx-c-3-0,justifyContent,center,center,ok
_,mk-mx-c-3-1,display,flex,flex,ok
_,mk-mx-c-3-1,justifyContent,center,center,ok
_,mk-mx-c-3-2,display,flex,flex,ok
_,mk-mx-c-3-2,justifyContent,center,center,ok
_,mk-mx-c-4-0,display,flex,flex,ok
_,mk-mx-c-4-0,justifyContent,center,center,ok
_,mk-mx-c-4-1,display,flex,flex,ok
_,mk-mx-c-4-1,justifyContent,center,center,ok
_,mk-mx-c-4-2,display,flex,flex,ok
_,mk-mx-c-4-2,justifyContent,center,center,ok
_,mk-mx-c-5-0,display,flex,flex,ok
_,mk-mx-c-5-0,justifyContent,center,center,ok
_,mk-mx-c-5-1,display,flex,flex,ok
_,mk-mx-c-5-1,justifyContent,center,center,ok
_,mk-mx-c-5-2,display,flex,flex,ok
_,mk-mx-c-5-2,justifyContent,center,center,ok
_,mk-mx-c-6-0,display,flex,flex,ok
_,mk-mx-c-6-0,justifyContent,center,center,ok
_,mk-mx-c-6-1,display,flex,flex,ok
_,mk-mx-c-6-1,justifyContent,center,center,ok
_,mk-mx-c-6-2,display,flex,flex,ok
_,mk-mx-c-6-2,justifyContent,center,center,ok
_,mk-mx-c-7-0,display,flex,flex,ok
_,mk-mx-c-7-0,justifyContent,center,center,ok
_,mk-mx-c-7-1,display,flex,flex,ok
_,mk-mx-c-7-1,justifyContent,center,center,ok
_,mk-mx-c-7-2,display,flex,flex,ok
_,mk-mx-c-7-2,justifyContent,center,center,ok
_,mk-mx-cols,display,grid,grid,ok
_,mk-mx-cols,gridCols,"1fr repeat(3, 78px)",976px 78px 78px 78px,ok
_,mk-mx-cols,columnGap,10px,10px,ok
_,mk-mx-cols,alignItems,end,end,ok
_,mk-mx-cols,marginTop,26px,26px,ok
_,mk-mx-cols,paddingBottom,10px,10px,ok
_,mk-mx-cols,customDeclarations:border-bottom,"1px solid rgba(22,24,28,.42)",no computed value,not-comparable
_,mk-mx-h-0,display,flex,flex,ok
_,mk-mx-h-0,justifyContent,center,center,ok
_,mk-mx-h-1,display,flex,flex,ok
_,mk-mx-h-1,justifyContent,center,center,ok
_,mk-mx-h-2,display,flex,flex,ok
_,mk-mx-h-2,justifyContent,center,center,ok
_,mk-mx-head,display,flex,flex,ok
_,mk-mx-head,justifyContent,space-between,space-between,ok
_,mk-mx-head,columnGap,20px,20px,ok
_,mk-mx-head,rowGap,8px,8px,ok
_,mk-mx-head,alignItems,baseline,baseline,ok
_,mk-mx-head,customDeclarations:flex-wrap,wrap,wrap,ok
_,mk-mx-in,width,100%,viewport- or parent-relative,not-comparable
_,mk-mx-in,maxWidth,1240px,1240px,ok
_,mk-mx-in,marginLeft,auto,auto resolves to a used value (60px),not-comparable
_,mk-mx-in,marginRight,auto,auto resolves to a used value (60px),not-comparable
_,mk-mx-n-0,display,flex,flex,ok
_,mk-mx-n-0,columnGap,12px,12px,ok
_,mk-mx-n-0,alignItems,baseline,baseline,ok
_,mk-mx-n-0,rowGap,2px,2px,ok
_,mk-mx-n-0,customDeclarations:flex-wrap,wrap,wrap,ok
_,mk-mx-n-1,display,flex,flex,ok
_,mk-mx-n-1,columnGap,12px,12px,ok
_,mk-mx-n-1,alignItems,baseline,baseline,ok
_,mk-mx-n-1,rowGap,2px,2px,ok
_,mk-mx-n-1,customDeclarations:flex-wrap,wrap,wrap,ok
_,mk-mx-n-2,display,flex,flex,ok
_,mk-mx-n-2,columnGap,12px,12px,ok
_,mk-mx-n-2,alignItems,baseline,baseline,ok
_,mk-mx-n-2,rowGap,2px,2px,ok
_,mk-mx-n-2,customDeclarations:flex-wrap,wrap,wrap,ok
_,mk-mx-n-3,display,flex,flex,ok
_,mk-mx-n-3,columnGap,12px,12px,ok
_,mk-mx-n-3,alignItems,baseline,baseline,ok
_,mk-mx-n-3,rowGap,2px,2px,ok
_,mk-mx-n-3,customDeclarations:flex-wrap,wrap,wrap,ok
_,mk-mx-n-4,display,flex,flex,ok
_,mk-mx-n-4,columnGap,12px,12px,ok
_,mk-mx-n-4,alignItems,baseline,baseline,ok
_,mk-mx-n-4,rowGap,2px,2px,ok
_,mk-mx-n-4,customDeclarations:flex-wrap,wrap,wrap,ok
_,mk-mx-n-5,display,flex,flex,ok
_,mk-mx-n-5,columnGap,12px,12px,ok
_,mk-mx-n-5,alignItems,baseline,baseline,ok
_,mk-mx-n-5,rowGap,2px,2px,ok
_,mk-mx-n-5,customDeclarations:flex-wrap,wrap,wrap,ok
_,mk-mx-n-6,display,flex,flex,ok
_,mk-mx-n-6,columnGap,12px,12px,ok
_,mk-mx-n-6,alignItems,baseline,baseline,ok
_,mk-mx-n-6,rowGap,2px,2px,ok
_,mk-mx-n-6,customDeclarations:flex-wrap,wrap,wrap,ok
_,mk-mx-n-7,display,flex,flex,ok
_,mk-mx-n-7,columnGap,12px,12px,ok
_,mk-mx-n-7,alignItems,baseline,baseline,ok
_,mk-mx-n-7,rowGap,2px,2px,ok
_,mk-mx-n-7,customDeclarations:flex-wrap,wrap,wrap,ok
_,mk-mx-pad,paddingTop,78px,78px,ok
_,mk-mx-pad,paddingBottom,78px,78px,ok
_,mk-mx-r-0,display,grid,grid,ok
_,mk-mx-r-0,gridCols,"1fr repeat(3, 78px)",976px 78px 78px 78px,ok
_,mk-mx-r-0,columnGap,10px,10px,ok
_,mk-mx-r-0,alignItems,center,center,ok
_,mk-mx-r-0,paddingTop,13px,13px,ok
_,mk-mx-r-0,paddingBottom,13px,13px,ok
_,mk-mx-r-0,customDeclarations:border-bottom,"1px solid rgba(22,24,28,.16)",no computed value,not-comparable
_,mk-mx-r-1,display,grid,grid,ok
_,mk-mx-r-1,gridCols,"1fr repeat(3, 78px)",976px 78px 78px 78px,ok
_,mk-mx-r-1,columnGap,10px,10px,ok
_,mk-mx-r-1,alignItems,center,center,ok
_,mk-mx-r-1,paddingTop,13px,13px,ok
_,mk-mx-r-1,paddingBottom,13px,13px,ok
_,mk-mx-r-1,customDeclarations:border-bottom,"1px solid rgba(22,24,28,.16)",no computed value,not-comparable
_,mk-mx-r-2,display,grid,grid,ok
_,mk-mx-r-2,gridCols,"1fr repeat(3, 78px)",976px 78px 78px 78px,ok
_,mk-mx-r-2,columnGap,10px,10px,ok
_,mk-mx-r-2,alignItems,center,center,ok
_,mk-mx-r-2,paddingTop,13px,13px,ok
_,mk-mx-r-2,paddingBottom,13px,13px,ok
_,mk-mx-r-2,customDeclarations:border-bottom,"1px solid rgba(22,24,28,.16)",no computed value,not-comparable
_,mk-mx-r-3,display,grid,grid,ok
_,mk-mx-r-3,gridCols,"1fr repeat(3, 78px)",976px 78px 78px 78px,ok
_,mk-mx-r-3,columnGap,10px,10px,ok
_,mk-mx-r-3,alignItems,center,center,ok
_,mk-mx-r-3,paddingTop,13px,13px,ok
_,mk-mx-r-3,paddingBottom,13px,13px,ok
_,mk-mx-r-3,customDeclarations:border-bottom,"1px solid rgba(22,24,28,.16)",no computed value,not-comparable
_,mk-mx-r-4,display,grid,grid,ok
_,mk-mx-r-4,gridCols,"1fr repeat(3, 78px)",976px 78px 78px 78px,ok
_,mk-mx-r-4,columnGap,10px,10px,ok
_,mk-mx-r-4,alignItems,center,center,ok
_,mk-mx-r-4,paddingTop,13px,13px,ok
_,mk-mx-r-4,paddingBottom,13px,13px,ok
_,mk-mx-r-4,customDeclarations:border-bottom,"1px solid rgba(22,24,28,.16)",no computed value,not-comparable
_,mk-mx-r-5,display,grid,grid,ok
_,mk-mx-r-5,gridCols,"1fr repeat(3, 78px)",976px 78px 78px 78px,ok
_,mk-mx-r-5,columnGap,10px,10px,ok
_,mk-mx-r-5,alignItems,center,center,ok
_,mk-mx-r-5,paddingTop,13px,13px,ok
_,mk-mx-r-5,paddingBottom,13px,13px,ok
_,mk-mx-r-5,customDeclarations:border-bottom,"1px solid rgba(22,24,28,.16)",no computed value,not-comparable
_,mk-mx-r-6,display,grid,grid,ok
_,mk-mx-r-6,gridCols,"1fr repeat(3, 78px)",976px 78px 78px 78px,ok
_,mk-mx-r-6,columnGap,10px,10px,ok
_,mk-mx-r-6,alignItems,center,center,ok
_,mk-mx-r-6,paddingTop,13px,13px,ok
_,mk-mx-r-6,paddingBottom,13px,13px,ok
_,mk-mx-r-6,customDeclarations:border-bottom,"1px solid rgba(22,24,28,.16)",no computed value,not-comparable
_,mk-mx-r-7,display,grid,grid,ok
_,mk-mx-r-7,gridCols,"1fr repeat(3, 78px)",976px 78px 78px 78px,ok
_,mk-mx-r-7,columnGap,10px,10px,ok
_,mk-mx-r-7,alignItems,center,center,ok
_,mk-mx-r-7,paddingTop,13px,13px,ok
_,mk-mx-r-7,paddingBottom,13px,13px,ok
_,mk-mx-r-7,customDeclarations:border-bottom,"1px solid rgba(22,24,28,.16)",no computed value,not-comparable
_,mk-pan,backgroundColor,"rgb(255,90,54)","rgb(255, 90, 54)",ok
_,mk-pan,paddingTop,34px,34px,ok
_,mk-pan,paddingBottom,34px,34px,ok
_,mk-pan,customDeclarations:overflow,hidden,no computed value,not-comparable
_,mk-pan-loop,display,flex,flex,ok
_,mk-pan-loop,columnGap,56px,56px,ok
_,mk-pan-loop,alignItems,baseline,baseline,ok
_,mk-pan-loop,customDeclarations:white-space,nowrap,no computed value,not-comparable
_,mk-pan-loop,customDeclarations:width,max-content,max-content resolves to a used value (4375.25px),not-comparable
_,mk-pan-track,customDeclarations:width,max-content,max-content resolves to a used value (4375.25px),not-comparable
_,mk-plate-in,width,100%,viewport- or parent-relative,not-comparable
_,mk-plate-in,maxWidth,1240px,1240px,ok
_,mk-plate-in,marginLeft,auto,auto resolves to a used value (60px),not-comparable
_,mk-plate-in,marginRight,auto,auto resolves to a used value (60px),not-comparable
_,mk-plate-pad,paddingTop,104px,104px,ok
_,mk-plate-pad,paddingBottom,104px,104px,ok
_,mk-plate-pad,display,grid,grid,ok
_,mk-plate-pad,gridCols,auto 1fr,130.688px 1053.31px,ok
_,mk-plate-pad,columnGap,56px,56px,ok
_,mk-plate-pad,alignItems,start,start,ok
_,mk-plate-sig,marginTop,34px,34px,ok
_,mk-plate-sig,display,flex,flex,ok
_,mk-plate-sig,columnGap,12px,12px,ok
_,mk-plate-sig,alignItems,center,center,ok
_,mk-proc-0,paddingTop,26px,26px,ok
_,mk-proc-0,paddingRight,18px,18px,ok
_,mk-proc-0,customDeclarations:border-top,"1px solid rgba(22,24,28,.16)",no computed value,not-comparable
_,mk-proc-1,paddingTop,26px,26px,ok
_,mk-proc-1,paddingRight,18px,18px,ok
_,mk-proc-1,customDeclarations:border-top,"1px solid rgba(22,24,28,.16)",no computed value,not-comparable
_,mk-proc-2,paddingTop,26px,26px,ok
_,mk-proc-2,paddingRight,18px,18px,ok
_,mk-proc-2,customDeclarations:border-top,"1px solid rgba(22,24,28,.16)",no computed value,not-comparable
_,mk-proc-3,paddingTop,26px,26px,ok
_,mk-proc-3,paddingRight,18px,18px,ok
_,mk-proc-3,customDeclarations:border-top,"1px solid rgba(22,24,28,.16)",no computed value,not-comparable
_,mk-proc-grid,display,grid,grid,ok
_,mk-proc-grid,gridCols,"repeat(4, 1fr)",292px 292px 292px 292px,ok
_,mk-proc-grid,columnGap,24px,24px,ok
_,mk-proc-grid,rowGap,24px,24px,ok
_,mk-proc-head,display,grid,grid,ok
_,mk-proc-head,gridCols,84px 1fr,84px 1156px,ok
_,mk-proc-head,columnGap,0px,0px,ok
_,mk-proc-head,alignItems,start,start,ok
_,mk-proc-head,paddingTop,22px,22px,ok
_,mk-proc-head,customDeclarations:border-top,"1px solid rgba(22,24,28,.16)",no computed value,not-comparable
_,mk-proc-in,width,100%,viewport- or parent-relative,not-comparable
_,mk-proc-in,maxWidth,1240px,1240px,ok
_,mk-proc-in,marginLeft,auto,auto resolves to a used value (60px),not-comparable
_,mk-proc-in,marginRight,auto,auto resolves to a used value (60px),not-comparable
_,mk-proc-pad,paddingTop,84px,84px,ok
_,mk-proc-track,marginTop,52px,52px,ok
_,mk-prod-0,display,grid,grid,ok
_,mk-prod-0,gridCols,84px 1fr 1.3fr,84px 481.734px 626.266px,ok
_,mk-prod-0,columnGap,24px,24px,ok
_,mk-prod-0,alignItems,start,start,ok
_,mk-prod-0,paddingTop,26px,26px,ok
_,mk-prod-0,paddingBottom,26px,26px,ok
_,mk-prod-0,customDeclarations:border-top,"1px solid rgba(250,250,247,.18)",no computed value,not-comparable
_,mk-prod-1,display,grid,grid,ok
_,mk-prod-1,gridCols,84px 1fr 1.3fr,84px 481.734px 626.266px,ok
_,mk-prod-1,columnGap,24px,24px,ok
_,mk-prod-1,alignItems,start,start,ok
_,mk-prod-1,paddingTop,26px,26px,ok
_,mk-prod-1,paddingBottom,26px,26px,ok
_,mk-prod-1,customDeclarations:border-top,"1px solid rgba(250,250,247,.18)",no computed value,not-comparable
_,mk-prod-head,display,grid,grid,ok
_,mk-prod-head,gridCols,84px 1fr,84px 1156px,ok
_,mk-prod-head,columnGap,0px,0px,ok
_,mk-prod-head,alignItems,start,start,ok
_,mk-prod-head,paddingTop,22px,22px,ok
_,mk-prod-head,customDeclarations:border-top,"1px solid rgba(250,250,247,.18)",no computed value,not-comparable
_,mk-prod-in,width,100%,viewport- or parent-relative,not-comparable
_,mk-prod-in,maxWidth,1240px,1240px,ok
_,mk-prod-in,marginLeft,auto,auto resolves to a used value (60px),not-comparable
_,mk-prod-in,marginRight,auto,auto resolves to a used value (60px),not-comparable
_,mk-prod-list,marginTop,40px,40px,ok
_,mk-prod-pad,paddingTop,80px,80px,ok
_,mk-prod-pad,paddingBottom,80px,80px,ok
_,mk-prod-s-0,marginTop,14px,14px,ok
_,mk-prod-s-0,customDeclarations:border,"1px solid rgba(255,90,54,.6)",no computed value,not-comparable
_,mk-prod-s-0,customDeclarations:padding,5px 10px,no computed value,not-comparable
_,mk-prod-s-0,customDeclarations:display,inline-block,inline-block,ok
_,mk-prod-s-0,customDeclarations:width,max-content,max-content resolves to a used value (86.8125px),not-comparable
_,mk-prod-s-1,marginTop,14px,14px,ok
_,mk-prod-s-1,customDeclarations:border,"1px solid rgba(255,90,54,.6)",no computed value,not-comparable
_,mk-prod-s-1,customDeclarations:padding,5px 10px,no computed value,not-comparable
_,mk-prod-s-1,customDeclarations:display,inline-block,inline-block,ok
_,mk-prod-s-1,customDeclarations:width,max-content,max-content resolves to a used value (72.4062px),not-comparable
_,mk-spec,display,grid,grid,ok
_,mk-spec,gridCols,"repeat(4, 1fr)",310px 310px 310px 310px,ok
_,mk-spec,columnGap,0px,0px,ok
_,mk-spec,rowGap,0px,0px,ok
_,mk-spec,paddingTop,22px,22px,ok
_,mk-spec,paddingBottom,58px,58px,ok
_,mk-spec-0,paddingRight,22px,22px,ok
_,mk-spec-0,paddingLeft,0px,0px,ok
_,mk-spec-1,paddingRight,22px,22px,ok
_,mk-spec-1,paddingLeft,22px,22px,ok
_,mk-spec-1,customDeclarations:border-left,"1px solid rgba(22,24,28,.16)",no computed value,not-comparable
_,mk-spec-2,paddingRight,22px,22px,ok
_,mk-spec-2,paddingLeft,22px,22px,ok
_,mk-spec-2,customDeclarations:border-left,"1px solid rgba(22,24,28,.16)",no computed value,not-comparable
_,mk-spec-3,paddingRight,22px,22px,ok
_,mk-spec-3,paddingLeft,22px,22px,ok
_,mk-spec-3,customDeclarations:border-left,"1px solid rgba(22,24,28,.16)",no computed value,not-comparable
_,mk-spec-n-0,display,flex,flex,ok
_,mk-spec-n-0,alignItems,baseline,baseline,ok
_,mk-spec-n-0,columnGap,3px,3px,ok
_,mk-spec-n-0,marginTop,12px,12px,ok
_,mk-spec-n-1,display,flex,flex,ok
_,mk-spec-n-1,alignItems,baseline,baseline,ok
_,mk-spec-n-1,columnGap,3px,3px,ok
_,mk-spec-n-1,marginTop,12px,12px,ok
_,mk-spec-n-2,display,flex,flex,ok
_,mk-spec-n-2,alignItems,baseline,baseline,ok
_,mk-spec-n-2,columnGap,3px,3px,ok
_,mk-spec-n-2,marginTop,12px,12px,ok
_,mk-spec-n-3,display,flex,flex,ok
_,mk-spec-n-3,alignItems,baseline,baseline,ok
_,mk-spec-n-3,columnGap,3px,3px,ok
_,mk-spec-n-3,marginTop,12px,12px,ok
_,mk-spec-rule,marginTop,56px,56px,ok
_,mk-spec2-head,display,flex,flex,ok
_,mk-spec2-head,justifyContent,space-between,space-between,ok
_,mk-spec2-head,columnGap,20px,20px,ok
_,mk-spec2-head,rowGap,8px,8px,ok
_,mk-spec2-head,customDeclarations:flex-wrap,wrap,wrap,ok
_,mk-spec2-in,width,100%,viewport- or parent-relative,not-comparable
_,mk-spec2-in,maxWidth,1240px,1240px,ok
_,mk-spec2-in,marginLeft,auto,auto resolves to a used value (60px),not-comparable
_,mk-spec2-in,marginRight,auto,auto resolves to a used value (60px),not-comparable
_,mk-spec2-pad,paddingTop,88px,88px,ok
_,mk-spec2-pad,paddingBottom,88px,88px,ok
_,mk-spec2-r-0,display,grid,grid,ok
_,mk-spec2-r-0,gridCols,1fr auto,1044.8px 167.203px,ok
_,mk-spec2-r-0,columnGap,28px,28px,ok
_,mk-spec2-r-0,alignItems,baseline,baseline,ok
_,mk-spec2-r-0,paddingTop,20px,20px,ok
_,mk-spec2-r-0,paddingBottom,20px,20px,ok
_,mk-spec2-r-0,customDeclarations:border-top,"1px solid rgba(250,250,247,.18)",no computed value,not-comparable
_,mk-spec2-r-1,display,grid,grid,ok
_,mk-spec2-r-1,gridCols,1fr auto,1052.39px 159.609px,ok
_,mk-spec2-r-1,columnGap,28px,28px,ok
_,mk-spec2-r-1,alignItems,baseline,baseline,ok
_,mk-spec2-r-1,paddingTop,20px,20px,ok
_,mk-spec2-r-1,paddingBottom,20px,20px,ok
_,mk-spec2-r-1,customDeclarations:border-top,"1px solid rgba(250,250,247,.18)",no computed value,not-comparable
_,mk-spec2-r-2,display,grid,grid,ok
_,mk-spec2-r-2,gridCols,1fr auto,1044.8px 167.203px,ok
_,mk-spec2-r-2,columnGap,28px,28px,ok
_,mk-spec2-r-2,alignItems,baseline,baseline,ok
_,mk-spec2-r-2,paddingTop,20px,20px,ok
_,mk-spec2-r-2,paddingBottom,20px,20px,ok
_,mk-spec2-r-2,customDeclarations:border-top,"1px solid rgba(250,250,247,.18)",no computed value,not-comparable
_,mk-spec2-r-3,display,grid,grid,ok
_,mk-spec2-r-3,gridCols,1fr auto,1044.8px 167.203px,ok
_,mk-spec2-r-3,columnGap,28px,28px,ok
_,mk-spec2-r-3,alignItems,baseline,baseline,ok
_,mk-spec2-r-3,paddingTop,20px,20px,ok
_,mk-spec2-r-3,paddingBottom,20px,20px,ok
_,mk-spec2-r-3,customDeclarations:border-top,"1px solid rgba(250,250,247,.18)",no computed value,not-comparable
_,mk-spec2-rows,marginTop,40px,40px,ok
_,mk-stack-0,display,grid,grid,ok
_,mk-stack-0,gridCols,160px 1fr,160px 1056px,ok
_,mk-stack-0,columnGap,24px,24px,ok
_,mk-stack-0,alignItems,baseline,baseline,ok
_,mk-stack-0,paddingTop,18px,18px,ok
_,mk-stack-0,paddingBottom,18px,18px,ok
_,mk-stack-0,customDeclarations:border-top,"1px solid rgba(22,24,28,.16)",no computed value,not-comparable
_,mk-stack-0,customDeclarations:animation,mk-rise both,no computed value,not-comparable
_,mk-stack-0,customDeclarations:animation-timeline,view(),view(),ok
_,mk-stack-0,customDeclarations:animation-range,entry 2% cover 18%,no computed value,not-comparable
_,mk-stack-1,display,grid,grid,ok
_,mk-stack-1,gridCols,160px 1fr,160px 1056px,ok
_,mk-stack-1,columnGap,24px,24px,ok
_,mk-stack-1,alignItems,baseline,baseline,ok
_,mk-stack-1,paddingTop,18px,18px,ok
_,mk-stack-1,paddingBottom,18px,18px,ok
_,mk-stack-1,customDeclarations:border-top,"1px solid rgba(22,24,28,.16)",no computed value,not-comparable
_,mk-stack-1,customDeclarations:animation,mk-rise both,no computed value,not-comparable
_,mk-stack-1,customDeclarations:animation-timeline,view(),view(),ok
_,mk-stack-1,customDeclarations:animation-range,entry 6% cover 22%,no computed value,not-comparable
_,mk-stack-2,display,grid,grid,ok
_,mk-stack-2,gridCols,160px 1fr,160px 1056px,ok
_,mk-stack-2,columnGap,24px,24px,ok
_,mk-stack-2,alignItems,baseline,baseline,ok
_,mk-stack-2,paddingTop,18px,18px,ok
_,mk-stack-2,paddingBottom,18px,18px,ok
_,mk-stack-2,customDeclarations:border-top,"1px solid rgba(22,24,28,.16)",no computed value,not-comparable
_,mk-stack-2,customDeclarations:animation,mk-rise both,no computed value,not-comparable
_,mk-stack-2,customDeclarations:animation-timeline,view(),view(),ok
_,mk-stack-2,customDeclarations:animation-range,entry 10% cover 26%,no computed value,not-comparable
_,mk-stack-3,display,grid,grid,ok
_,mk-stack-3,gridCols,160px 1fr,160px 1056px,ok
_,mk-stack-3,columnGap,24px,24px,ok
_,mk-stack-3,alignItems,baseline,baseline,ok
_,mk-stack-3,paddingTop,18px,18px,ok
_,mk-stack-3,paddingBottom,18px,18px,ok
_,mk-stack-3,customDeclarations:border-top,"1px solid rgba(22,24,28,.16)",no computed value,not-comparable
_,mk-stack-3,customDeclarations:animation,mk-rise both,no computed value,not-comparable
_,mk-stack-3,customDeclarations:animation-timeline,view(),view(),ok
_,mk-stack-3,customDeclarations:animation-range,entry 14% cover 30%,no computed value,not-comparable
_,mk-stack-4,display,grid,grid,ok
_,mk-stack-4,gridCols,160px 1fr,160px 1056px,ok
_,mk-stack-4,columnGap,24px,24px,ok
_,mk-stack-4,alignItems,baseline,baseline,ok
_,mk-stack-4,paddingTop,18px,18px,ok
_,mk-stack-4,paddingBottom,18px,18px,ok
_,mk-stack-4,customDeclarations:border-top,"1px solid rgba(22,24,28,.16)",no computed value,not-comparable
_,mk-stack-4,customDeclarations:animation,mk-rise both,no computed value,not-comparable
_,mk-stack-4,customDeclarations:animation-timeline,view(),view(),ok
_,mk-stack-4,customDeclarations:animation-range,entry 18% cover 34%,no computed value,not-comparable
_,mk-stack-5,display,grid,grid,ok
_,mk-stack-5,gridCols,160px 1fr,160px 1056px,ok
_,mk-stack-5,columnGap,24px,24px,ok
_,mk-stack-5,alignItems,baseline,baseline,ok
_,mk-stack-5,paddingTop,18px,18px,ok
_,mk-stack-5,paddingBottom,18px,18px,ok
_,mk-stack-5,customDeclarations:border-top,"1px solid rgba(22,24,28,.16)",no computed value,not-comparable
_,mk-stack-5,customDeclarations:animation,mk-rise both,no computed value,not-comparable
_,mk-stack-5,customDeclarations:animation-timeline,view(),view(),ok
_,mk-stack-5,customDeclarations:animation-range,entry 22% cover 38%,no computed value,not-comparable
_,mk-stack-6,display,grid,grid,ok
_,mk-stack-6,gridCols,160px 1fr,160px 1056px,ok
_,mk-stack-6,columnGap,24px,24px,ok
_,mk-stack-6,alignItems,baseline,baseline,ok
_,mk-stack-6,paddingTop,18px,18px,ok
_,mk-stack-6,paddingBottom,18px,18px,ok
_,mk-stack-6,customDeclarations:border-top,"1px solid rgba(22,24,28,.16)",no computed value,not-comparable
_,mk-stack-6,customDeclarations:animation,mk-rise both,no computed value,not-comparable
_,mk-stack-6,customDeclarations:animation-timeline,view(),view(),ok
_,mk-stack-6,customDeclarations:animation-range,entry 26% cover 42%,no computed value,not-comparable
_,mk-stack-7,display,grid,grid,ok
_,mk-stack-7,gridCols,160px 1fr,160px 1056px,ok
_,mk-stack-7,columnGap,24px,24px,ok
_,mk-stack-7,alignItems,baseline,baseline,ok
_,mk-stack-7,paddingTop,18px,18px,ok
_,mk-stack-7,paddingBottom,18px,18px,ok
_,mk-stack-7,customDeclarations:border-top,"1px solid rgba(22,24,28,.16)",no computed value,not-comparable
_,mk-stack-7,customDeclarations:animation,mk-rise both,no computed value,not-comparable
_,mk-stack-7,customDeclarations:animation-timeline,view(),view(),ok
_,mk-stack-7,customDeclarations:animation-range,entry 30% cover 46%,no computed value,not-comparable
_,mk-stack-head,display,grid,grid,ok
_,mk-stack-head,gridCols,84px 1fr,84px 1156px,ok
_,mk-stack-head,columnGap,0px,0px,ok
_,mk-stack-head,alignItems,start,start,ok
_,mk-stack-head,paddingTop,22px,22px,ok
_,mk-stack-head,customDeclarations:border-top,"1px solid rgba(22,24,28,.16)",no computed value,not-comparable
_,mk-stack-in,width,100%,viewport- or parent-relative,not-comparable
_,mk-stack-in,maxWidth,1240px,1240px,ok
_,mk-stack-in,marginLeft,auto,auto resolves to a used value (60px),not-comparable
_,mk-stack-in,marginRight,auto,auto resolves to a used value (60px),not-comparable
_,mk-stack-list,marginTop,44px,44px,ok
_,mk-stack-pad,paddingTop,84px,84px,ok
_,mk-stack-tags-0,display,flex,flex,ok
_,mk-stack-tags-0,columnGap,8px,8px,ok
_,mk-stack-tags-0,rowGap,8px,8px,ok
_,mk-stack-tags-0,customDeclarations:flex-wrap,wrap,wrap,ok
_,mk-stack-tags-1,display,flex,flex,ok
_,mk-stack-tags-1,columnGap,8px,8px,ok
_,mk-stack-tags-1,rowGap,8px,8px,ok
_,mk-stack-tags-1,customDeclarations:flex-wrap,wrap,wrap,ok
_,mk-stack-tags-2,display,flex,flex,ok
_,mk-stack-tags-2,columnGap,8px,8px,ok
_,mk-stack-tags-2,rowGap,8px,8px,ok
_,mk-stack-tags-2,customDeclarations:flex-wrap,wrap,wrap,ok
_,mk-stack-tags-3,display,flex,flex,ok
_,mk-stack-tags-3,columnGap,8px,8px,ok
_,mk-stack-tags-3,rowGap,8px,8px,ok
_,mk-stack-tags-3,customDeclarations:flex-wrap,wrap,wrap,ok
_,mk-stack-tags-4,display,flex,flex,ok
_,mk-stack-tags-4,columnGap,8px,8px,ok
_,mk-stack-tags-4,rowGap,8px,8px,ok
_,mk-stack-tags-4,customDeclarations:flex-wrap,wrap,wrap,ok
_,mk-stack-tags-5,display,flex,flex,ok
_,mk-stack-tags-5,columnGap,8px,8px,ok
_,mk-stack-tags-5,rowGap,8px,8px,ok
_,mk-stack-tags-5,customDeclarations:flex-wrap,wrap,wrap,ok
_,mk-stack-tags-6,display,flex,flex,ok
_,mk-stack-tags-6,columnGap,8px,8px,ok
_,mk-stack-tags-6,rowGap,8px,8px,ok
_,mk-stack-tags-6,customDeclarations:flex-wrap,wrap,wrap,ok
_,mk-stack-tags-7,display,flex,flex,ok
_,mk-stack-tags-7,columnGap,8px,8px,ok
_,mk-stack-tags-7,rowGap,8px,8px,ok
_,mk-stack-tags-7,customDeclarations:flex-wrap,wrap,wrap,ok
_,mk-svc-0-svc-body,color,"rgb(90,92,97)","rgb(90, 92, 97)",ok
_,mk-svc-0-svc-body,fontSize,13px,13px,ok
_,mk-svc-0-svc-body,lineHeight,2,26px,ok
_,mk-svc-0-svc-en,color,"rgb(191,68,40)","rgb(191, 68, 40)",ok
_,mk-svc-0-svc-en,fontSize,10px,10px,ok
_,mk-svc-0-svc-en,fontFamily,"'IBM Plex Mono',ui-monospace,SFMono-Regular,Menlo,Consolas,monospace","""IBM Plex Mono"", ui-monospace, SFMono-Regular, Menlo, Consolas, monospace",ok
_,mk-svc-0-svc-en,letterSpacing,0.16em,1.6px,ok
_,mk-svc-0-svc-num,color,"rgb(107,109,113)","rgb(107, 109, 113)",ok
_,mk-svc-0-svc-num,fontSize,12px,12px,ok
_,mk-svc-0-svc-num,fontFamily,"'IBM Plex Mono',ui-monospace,SFMono-Regular,Menlo,Consolas,monospace","""IBM Plex Mono"", ui-monospace, SFMono-Regular, Menlo, Consolas, monospace",ok
_,mk-svc-0-svc-num,letterSpacing,0.06em,0.72px,ok
_,mk-svc-0-svc-row,display,grid,grid,ok
_,mk-svc-0-svc-row,gridCols,84px 1fr 1.35fr,84px 471.484px 636.516px,ok
_,mk-svc-0-svc-row,columnGap,24px,24px,ok
_,mk-svc-0-svc-row,alignItems,start,start,ok
_,mk-svc-0-svc-row,paddingTop,26px,26px,ok
_,mk-svc-0-svc-row,paddingBottom,26px,26px,ok
_,mk-svc-0-svc-row,customDeclarations:border-top,"1px solid rgba(22,24,28,.16)",no computed value,not-comparable
_,mk-svc-0-svc-zh,color,"rgb(22,24,28)","rgb(22, 24, 28)",ok
_,mk-svc-0-svc-zh,fontSize,19px,19px,ok
_,mk-svc-0-svc-zh,fontWeight,500,500,ok
_,mk-svc-0-svc-zh,marginTop,9px,9px,ok
_,mk-svc-0-svc-zh,fontFamily,"'Noto Sans TC','PingFang TC','Hiragino Sans TC','Microsoft JhengHei',sans-serif","""Noto Sans TC"", ""PingFang TC"", ""Hiragino Sans TC"", ""Microsoft JhengHei"", sans-serif",ok
_,mk-svc-0-svc-zh,letterSpacing,0.01em,0.19px,ok
_,mk-svc-1-svc-body,color,"rgb(90,92,97)","rgb(90, 92, 97)",ok
_,mk-svc-1-svc-body,fontSize,13px,13px,ok
_,mk-svc-1-svc-body,lineHeight,2,26px,ok
_,mk-svc-1-svc-en,color,"rgb(191,68,40)","rgb(191, 68, 40)",ok
_,mk-svc-1-svc-en,fontSize,10px,10px,ok
_,mk-svc-1-svc-en,fontFamily,"'IBM Plex Mono',ui-monospace,SFMono-Regular,Menlo,Consolas,monospace","""IBM Plex Mono"", ui-monospace, SFMono-Regular, Menlo, Consolas, monospace",ok
_,mk-svc-1-svc-en,letterSpacing,0.16em,1.6px,ok
_,mk-svc-1-svc-num,color,"rgb(107,109,113)","rgb(107, 109, 113)",ok
_,mk-svc-1-svc-num,fontSize,12px,12px,ok
_,mk-svc-1-svc-num,fontFamily,"'IBM Plex Mono',ui-monospace,SFMono-Regular,Menlo,Consolas,monospace","""IBM Plex Mono"", ui-monospace, SFMono-Regular, Menlo, Consolas, monospace",ok
_,mk-svc-1-svc-num,letterSpacing,0.06em,0.72px,ok
_,mk-svc-1-svc-row,display,grid,grid,ok
_,mk-svc-1-svc-row,gridCols,84px 1fr 1.35fr,84px 471.484px 636.516px,ok
_,mk-svc-1-svc-row,columnGap,24px,24px,ok
_,mk-svc-1-svc-row,alignItems,start,start,ok
_,mk-svc-1-svc-row,paddingTop,26px,26px,ok
_,mk-svc-1-svc-row,paddingBottom,26px,26px,ok
_,mk-svc-1-svc-row,customDeclarations:border-top,"1px solid rgba(22,24,28,.16)",no computed value,not-comparable
_,mk-svc-1-svc-zh,color,"rgb(22,24,28)","rgb(22, 24, 28)",ok
_,mk-svc-1-svc-zh,fontSize,19px,19px,ok
_,mk-svc-1-svc-zh,fontWeight,500,500,ok
_,mk-svc-1-svc-zh,marginTop,9px,9px,ok
_,mk-svc-1-svc-zh,fontFamily,"'Noto Sans TC','PingFang TC','Hiragino Sans TC','Microsoft JhengHei',sans-serif","""Noto Sans TC"", ""PingFang TC"", ""Hiragino Sans TC"", ""Microsoft JhengHei"", sans-serif",ok
_,mk-svc-1-svc-zh,letterSpacing,0.01em,0.19px,ok
_,mk-svc-2-svc-body,color,"rgb(90,92,97)","rgb(90, 92, 97)",ok
_,mk-svc-2-svc-body,fontSize,13px,13px,ok
_,mk-svc-2-svc-body,lineHeight,2,26px,ok
_,mk-svc-2-svc-en,color,"rgb(191,68,40)","rgb(191, 68, 40)",ok
_,mk-svc-2-svc-en,fontSize,10px,10px,ok
_,mk-svc-2-svc-en,fontFamily,"'IBM Plex Mono',ui-monospace,SFMono-Regular,Menlo,Consolas,monospace","""IBM Plex Mono"", ui-monospace, SFMono-Regular, Menlo, Consolas, monospace",ok
_,mk-svc-2-svc-en,letterSpacing,0.16em,1.6px,ok
_,mk-svc-2-svc-num,color,"rgb(107,109,113)","rgb(107, 109, 113)",ok
_,mk-svc-2-svc-num,fontSize,12px,12px,ok
_,mk-svc-2-svc-num,fontFamily,"'IBM Plex Mono',ui-monospace,SFMono-Regular,Menlo,Consolas,monospace","""IBM Plex Mono"", ui-monospace, SFMono-Regular, Menlo, Consolas, monospace",ok
_,mk-svc-2-svc-num,letterSpacing,0.06em,0.72px,ok
_,mk-svc-2-svc-row,display,grid,grid,ok
_,mk-svc-2-svc-row,gridCols,84px 1fr 1.35fr,84px 471.484px 636.516px,ok
_,mk-svc-2-svc-row,columnGap,24px,24px,ok
_,mk-svc-2-svc-row,alignItems,start,start,ok
_,mk-svc-2-svc-row,paddingTop,26px,26px,ok
_,mk-svc-2-svc-row,paddingBottom,26px,26px,ok
_,mk-svc-2-svc-row,customDeclarations:border-top,"1px solid rgba(22,24,28,.16)",no computed value,not-comparable
_,mk-svc-2-svc-zh,color,"rgb(22,24,28)","rgb(22, 24, 28)",ok
_,mk-svc-2-svc-zh,fontSize,19px,19px,ok
_,mk-svc-2-svc-zh,fontWeight,500,500,ok
_,mk-svc-2-svc-zh,marginTop,9px,9px,ok
_,mk-svc-2-svc-zh,fontFamily,"'Noto Sans TC','PingFang TC','Hiragino Sans TC','Microsoft JhengHei',sans-serif","""Noto Sans TC"", ""PingFang TC"", ""Hiragino Sans TC"", ""Microsoft JhengHei"", sans-serif",ok
_,mk-svc-2-svc-zh,letterSpacing,0.01em,0.19px,ok
_,mk-svc-3-svc-body,color,"rgb(90,92,97)","rgb(90, 92, 97)",ok
_,mk-svc-3-svc-body,fontSize,13px,13px,ok
_,mk-svc-3-svc-body,lineHeight,2,26px,ok
_,mk-svc-3-svc-en,color,"rgb(191,68,40)","rgb(191, 68, 40)",ok
_,mk-svc-3-svc-en,fontSize,10px,10px,ok
_,mk-svc-3-svc-en,fontFamily,"'IBM Plex Mono',ui-monospace,SFMono-Regular,Menlo,Consolas,monospace","""IBM Plex Mono"", ui-monospace, SFMono-Regular, Menlo, Consolas, monospace",ok
_,mk-svc-3-svc-en,letterSpacing,0.16em,1.6px,ok
_,mk-svc-3-svc-num,color,"rgb(107,109,113)","rgb(107, 109, 113)",ok
_,mk-svc-3-svc-num,fontSize,12px,12px,ok
_,mk-svc-3-svc-num,fontFamily,"'IBM Plex Mono',ui-monospace,SFMono-Regular,Menlo,Consolas,monospace","""IBM Plex Mono"", ui-monospace, SFMono-Regular, Menlo, Consolas, monospace",ok
_,mk-svc-3-svc-num,letterSpacing,0.06em,0.72px,ok
_,mk-svc-3-svc-row,display,grid,grid,ok
_,mk-svc-3-svc-row,gridCols,84px 1fr 1.35fr,84px 471.484px 636.516px,ok
_,mk-svc-3-svc-row,columnGap,24px,24px,ok
_,mk-svc-3-svc-row,alignItems,start,start,ok
_,mk-svc-3-svc-row,paddingTop,26px,26px,ok
_,mk-svc-3-svc-row,paddingBottom,26px,26px,ok
_,mk-svc-3-svc-row,customDeclarations:border-top,"1px solid rgba(22,24,28,.16)",no computed value,not-comparable
_,mk-svc-3-svc-zh,color,"rgb(22,24,28)","rgb(22, 24, 28)",ok
_,mk-svc-3-svc-zh,fontSize,19px,19px,ok
_,mk-svc-3-svc-zh,fontWeight,500,500,ok
_,mk-svc-3-svc-zh,marginTop,9px,9px,ok
_,mk-svc-3-svc-zh,fontFamily,"'Noto Sans TC','PingFang TC','Hiragino Sans TC','Microsoft JhengHei',sans-serif","""Noto Sans TC"", ""PingFang TC"", ""Hiragino Sans TC"", ""Microsoft JhengHei"", sans-serif",ok
_,mk-svc-3-svc-zh,letterSpacing,0.01em,0.19px,ok
_,mk-svc-head,display,grid,grid,ok
_,mk-svc-head,gridCols,84px 1fr,84px 1156px,ok
_,mk-svc-head,columnGap,0px,0px,ok
_,mk-svc-head,alignItems,start,start,ok
_,mk-svc-head,paddingTop,22px,22px,ok
_,mk-svc-head,customDeclarations:border-top,"1px solid rgba(22,24,28,.16)",no computed value,not-comparable
_,mk-svc-in,width,100%,viewport- or parent-relative,not-comparable
_,mk-svc-in,maxWidth,1240px,1240px,ok
_,mk-svc-in,marginLeft,auto,auto resolves to a used value (60px),not-comparable
_,mk-svc-in,marginRight,auto,auto resolves to a used value (60px),not-comparable
_,mk-svc-list,marginTop,44px,44px,ok
_,mk-svc-pad,paddingTop,84px,84px,ok
_,mk-tag-0-0,customDeclarations:border,"1px solid rgba(22,24,28,.16)",no computed value,not-comparable
_,mk-tag-0-0,customDeclarations:padding,5px 10px,no computed value,not-comparable
_,mk-tag-0-0,customDeclarations:transition,"border-color .2s ease,color .2s ease",composite or raw value,not-comparable
_,mk-tag-0-1,customDeclarations:border,"1px solid rgba(22,24,28,.16)",no computed value,not-comparable
_,mk-tag-0-1,customDeclarations:padding,5px 10px,no computed value,not-comparable
_,mk-tag-0-1,customDeclarations:transition,"border-color .2s ease,color .2s ease",composite or raw value,not-comparable
_,mk-tag-0-2,customDeclarations:border,"1px solid rgba(22,24,28,.16)",no computed value,not-comparable
_,mk-tag-0-2,customDeclarations:padding,5px 10px,no computed value,not-comparable
_,mk-tag-0-2,customDeclarations:transition,"border-color .2s ease,color .2s ease",composite or raw value,not-comparable
_,mk-tag-0-3,customDeclarations:border,"1px solid rgba(22,24,28,.16)",no computed value,not-comparable
_,mk-tag-0-3,customDeclarations:padding,5px 10px,no computed value,not-comparable
_,mk-tag-0-3,customDeclarations:transition,"border-color .2s ease,color .2s ease",composite or raw value,not-comparable
_,mk-tag-0-4,customDeclarations:border,"1px solid rgba(22,24,28,.16)",no computed value,not-comparable
_,mk-tag-0-4,customDeclarations:padding,5px 10px,no computed value,not-comparable
_,mk-tag-0-4,customDeclarations:transition,"border-color .2s ease,color .2s ease",composite or raw value,not-comparable
_,mk-tag-1-0,customDeclarations:border,"1px solid rgba(22,24,28,.16)",no computed value,not-comparable
_,mk-tag-1-0,customDeclarations:padding,5px 10px,no computed value,not-comparable
_,mk-tag-1-0,customDeclarations:transition,"border-color .2s ease,color .2s ease",composite or raw value,not-comparable
_,mk-tag-1-1,customDeclarations:border,"1px solid rgba(22,24,28,.16)",no computed value,not-comparable
_,mk-tag-1-1,customDeclarations:padding,5px 10px,no computed value,not-comparable
_,mk-tag-1-1,customDeclarations:transition,"border-color .2s ease,color .2s ease",composite or raw value,not-comparable
_,mk-tag-1-2,customDeclarations:border,"1px solid rgba(22,24,28,.16)",no computed value,not-comparable
_,mk-tag-1-2,customDeclarations:padding,5px 10px,no computed value,not-comparable
_,mk-tag-1-2,customDeclarations:transition,"border-color .2s ease,color .2s ease",composite or raw value,not-comparable
_,mk-tag-1-3,customDeclarations:border,"1px solid rgba(22,24,28,.16)",no computed value,not-comparable
_,mk-tag-1-3,customDeclarations:padding,5px 10px,no computed value,not-comparable
_,mk-tag-1-3,customDeclarations:transition,"border-color .2s ease,color .2s ease",composite or raw value,not-comparable
_,mk-tag-2-0,customDeclarations:border,"1px solid rgba(22,24,28,.16)",no computed value,not-comparable
_,mk-tag-2-0,customDeclarations:padding,5px 10px,no computed value,not-comparable
_,mk-tag-2-0,customDeclarations:transition,"border-color .2s ease,color .2s ease",composite or raw value,not-comparable
_,mk-tag-2-1,customDeclarations:border,"1px solid rgba(22,24,28,.16)",no computed value,not-comparable
_,mk-tag-2-1,customDeclarations:padding,5px 10px,no computed value,not-comparable
_,mk-tag-2-1,customDeclarations:transition,"border-color .2s ease,color .2s ease",composite or raw value,not-comparable
_,mk-tag-2-2,customDeclarations:border,"1px solid rgba(22,24,28,.16)",no computed value,not-comparable
_,mk-tag-2-2,customDeclarations:padding,5px 10px,no computed value,not-comparable
_,mk-tag-2-2,customDeclarations:transition,"border-color .2s ease,color .2s ease",composite or raw value,not-comparable
_,mk-tag-2-3,customDeclarations:border,"1px solid rgba(22,24,28,.16)",no computed value,not-comparable
_,mk-tag-2-3,customDeclarations:padding,5px 10px,no computed value,not-comparable
_,mk-tag-2-3,customDeclarations:transition,"border-color .2s ease,color .2s ease",composite or raw value,not-comparable
_,mk-tag-2-4,customDeclarations:border,"1px solid rgba(22,24,28,.16)",no computed value,not-comparable
_,mk-tag-2-4,customDeclarations:padding,5px 10px,no computed value,not-comparable
_,mk-tag-2-4,customDeclarations:transition,"border-color .2s ease,color .2s ease",composite or raw value,not-comparable
_,mk-tag-3-0,customDeclarations:border,"1px solid rgba(22,24,28,.16)",no computed value,not-comparable
_,mk-tag-3-0,customDeclarations:padding,5px 10px,no computed value,not-comparable
_,mk-tag-3-0,customDeclarations:transition,"border-color .2s ease,color .2s ease",composite or raw value,not-comparable
_,mk-tag-3-1,customDeclarations:border,"1px solid rgba(22,24,28,.16)",no computed value,not-comparable
_,mk-tag-3-1,customDeclarations:padding,5px 10px,no computed value,not-comparable
_,mk-tag-3-1,customDeclarations:transition,"border-color .2s ease,color .2s ease",composite or raw value,not-comparable
_,mk-tag-3-2,customDeclarations:border,"1px solid rgba(22,24,28,.16)",no computed value,not-comparable
_,mk-tag-3-2,customDeclarations:padding,5px 10px,no computed value,not-comparable
_,mk-tag-3-2,customDeclarations:transition,"border-color .2s ease,color .2s ease",composite or raw value,not-comparable
_,mk-tag-3-3,customDeclarations:border,"1px solid rgba(22,24,28,.16)",no computed value,not-comparable
_,mk-tag-3-3,customDeclarations:padding,5px 10px,no computed value,not-comparable
_,mk-tag-3-3,customDeclarations:transition,"border-color .2s ease,color .2s ease",composite or raw value,not-comparable
_,mk-tag-4-0,customDeclarations:border,"1px solid rgba(22,24,28,.16)",no computed value,not-comparable
_,mk-tag-4-0,customDeclarations:padding,5px 10px,no computed value,not-comparable
_,mk-tag-4-0,customDeclarations:transition,"border-color .2s ease,color .2s ease",composite or raw value,not-comparable
_,mk-tag-4-1,customDeclarations:border,"1px solid rgba(22,24,28,.16)",no computed value,not-comparable
_,mk-tag-4-1,customDeclarations:padding,5px 10px,no computed value,not-comparable
_,mk-tag-4-1,customDeclarations:transition,"border-color .2s ease,color .2s ease",composite or raw value,not-comparable
_,mk-tag-4-2,customDeclarations:border,"1px solid rgba(22,24,28,.16)",no computed value,not-comparable
_,mk-tag-4-2,customDeclarations:padding,5px 10px,no computed value,not-comparable
_,mk-tag-4-2,customDeclarations:transition,"border-color .2s ease,color .2s ease",composite or raw value,not-comparable
_,mk-tag-4-3,customDeclarations:border,"1px solid rgba(22,24,28,.16)",no computed value,not-comparable
_,mk-tag-4-3,customDeclarations:padding,5px 10px,no computed value,not-comparable
_,mk-tag-4-3,customDeclarations:transition,"border-color .2s ease,color .2s ease",composite or raw value,not-comparable
_,mk-tag-5-0,customDeclarations:border,"1px solid rgba(22,24,28,.16)",no computed value,not-comparable
_,mk-tag-5-0,customDeclarations:padding,5px 10px,no computed value,not-comparable
_,mk-tag-5-0,customDeclarations:transition,"border-color .2s ease,color .2s ease",composite or raw value,not-comparable
_,mk-tag-5-1,customDeclarations:border,"1px solid rgba(22,24,28,.16)",no computed value,not-comparable
_,mk-tag-5-1,customDeclarations:padding,5px 10px,no computed value,not-comparable
_,mk-tag-5-1,customDeclarations:transition,"border-color .2s ease,color .2s ease",composite or raw value,not-comparable
_,mk-tag-5-2,customDeclarations:border,"1px solid rgba(22,24,28,.16)",no computed value,not-comparable
_,mk-tag-5-2,customDeclarations:padding,5px 10px,no computed value,not-comparable
_,mk-tag-5-2,customDeclarations:transition,"border-color .2s ease,color .2s ease",composite or raw value,not-comparable
_,mk-tag-5-3,customDeclarations:border,"1px solid rgba(22,24,28,.16)",no computed value,not-comparable
_,mk-tag-5-3,customDeclarations:padding,5px 10px,no computed value,not-comparable
_,mk-tag-5-3,customDeclarations:transition,"border-color .2s ease,color .2s ease",composite or raw value,not-comparable
_,mk-tag-5-4,customDeclarations:border,"1px solid rgba(22,24,28,.16)",no computed value,not-comparable
_,mk-tag-5-4,customDeclarations:padding,5px 10px,no computed value,not-comparable
_,mk-tag-5-4,customDeclarations:transition,"border-color .2s ease,color .2s ease",composite or raw value,not-comparable
_,mk-tag-6-0,customDeclarations:border,"1px solid rgba(22,24,28,.16)",no computed value,not-comparable
_,mk-tag-6-0,customDeclarations:padding,5px 10px,no computed value,not-comparable
_,mk-tag-6-0,customDeclarations:transition,"border-color .2s ease,color .2s ease",composite or raw value,not-comparable
_,mk-tag-6-1,customDeclarations:border,"1px solid rgba(22,24,28,.16)",no computed value,not-comparable
_,mk-tag-6-1,customDeclarations:padding,5px 10px,no computed value,not-comparable
_,mk-tag-6-1,customDeclarations:transition,"border-color .2s ease,color .2s ease",composite or raw value,not-comparable
_,mk-tag-6-2,customDeclarations:border,"1px solid rgba(22,24,28,.16)",no computed value,not-comparable
_,mk-tag-6-2,customDeclarations:padding,5px 10px,no computed value,not-comparable
_,mk-tag-6-2,customDeclarations:transition,"border-color .2s ease,color .2s ease",composite or raw value,not-comparable
_,mk-tag-6-3,customDeclarations:border,"1px solid rgba(22,24,28,.16)",no computed value,not-comparable
_,mk-tag-6-3,customDeclarations:padding,5px 10px,no computed value,not-comparable
_,mk-tag-6-3,customDeclarations:transition,"border-color .2s ease,color .2s ease",composite or raw value,not-comparable
_,mk-tag-6-4,customDeclarations:border,"1px solid rgba(22,24,28,.16)",no computed value,not-comparable
_,mk-tag-6-4,customDeclarations:padding,5px 10px,no computed value,not-comparable
_,mk-tag-6-4,customDeclarations:transition,"border-color .2s ease,color .2s ease",composite or raw value,not-comparable
_,mk-tag-7-0,customDeclarations:border,"1px solid rgba(22,24,28,.16)",no computed value,not-comparable
_,mk-tag-7-0,customDeclarations:padding,5px 10px,no computed value,not-comparable
_,mk-tag-7-0,customDeclarations:transition,"border-color .2s ease,color .2s ease",composite or raw value,not-comparable
_,mk-tag-7-1,customDeclarations:border,"1px solid rgba(22,24,28,.16)",no computed value,not-comparable
_,mk-tag-7-1,customDeclarations:padding,5px 10px,no computed value,not-comparable
_,mk-tag-7-1,customDeclarations:transition,"border-color .2s ease,color .2s ease",composite or raw value,not-comparable
_,mk-tag-7-2,customDeclarations:border,"1px solid rgba(22,24,28,.16)",no computed value,not-comparable
_,mk-tag-7-2,customDeclarations:padding,5px 10px,no computed value,not-comparable
_,mk-tag-7-2,customDeclarations:transition,"border-color .2s ease,color .2s ease",composite or raw value,not-comparable
_,mk-tag-7-3,customDeclarations:border,"1px solid rgba(22,24,28,.16)",no computed value,not-comparable
_,mk-tag-7-3,customDeclarations:padding,5px 10px,no computed value,not-comparable
_,mk-tag-7-3,customDeclarations:transition,"border-color .2s ease,color .2s ease",composite or raw value,not-comparable
_,mk-tag-7-4,customDeclarations:border,"1px solid rgba(22,24,28,.16)",no computed value,not-comparable
_,mk-tag-7-4,customDeclarations:padding,5px 10px,no computed value,not-comparable
_,mk-tag-7-4,customDeclarations:transition,"border-color .2s ease,color .2s ease",composite or raw value,not-comparable
_,mk-ticker,backgroundColor,"rgb(22,24,28)","rgb(22, 24, 28)",ok
_,mk-ticker,paddingTop,11px,11px,ok
_,mk-ticker,paddingBottom,11px,11px,ok
_,mk-ticker,customDeclarations:overflow,hidden,no computed value,not-comparable
_,mk-ticker-track,display,flex,flex,ok
_,mk-ticker-track,columnGap,0px,0px,ok
_,mk-voice-0,paddingTop,26px,26px,ok
_,mk-voice-0,paddingRight,28px,28px,ok
_,mk-voice-0,paddingBottom,26px,26px,ok
_,mk-voice-0,paddingLeft,0px,0px,ok
_,mk-voice-0,customDeclarations:border-top,"1px solid rgba(22,24,28,.16)",no computed value,not-comparable
_,mk-voice-1,paddingTop,26px,26px,ok
_,mk-voice-1,paddingRight,28px,28px,ok
_,mk-voice-1,paddingBottom,26px,26px,ok
_,mk-voice-1,paddingLeft,28px,28px,ok
_,mk-voice-1,customDeclarations:border-top,"1px solid rgba(22,24,28,.16)",no computed value,not-comparable
_,mk-voice-1,customDeclarations:border-left,"1px solid rgba(22,24,28,.16)",no computed value,not-comparable
_,mk-voice-2,paddingTop,26px,26px,ok
_,mk-voice-2,paddingRight,28px,28px,ok
_,mk-voice-2,paddingBottom,26px,26px,ok
_,mk-voice-2,paddingLeft,28px,28px,ok
_,mk-voice-2,customDeclarations:border-top,"1px solid rgba(22,24,28,.16)",no computed value,not-comparable
_,mk-voice-2,customDeclarations:border-left,"1px solid rgba(22,24,28,.16)",no computed value,not-comparable
_,mk-voice-a-0,marginTop,22px,22px,ok
_,mk-voice-a-1,marginTop,22px,22px,ok
_,mk-voice-a-2,marginTop,22px,22px,ok
_,mk-voice-grid,display,grid,grid,ok
_,mk-voice-grid,gridCols,"repeat(3, 1fr)",413.328px 413.328px 413.344px,ok
_,mk-voice-grid,columnGap,0px,0px,ok
_,mk-voice-grid,rowGap,0px,0px,ok
_,mk-voice-grid,marginTop,42px,42px,ok
_,mk-voice-head,display,grid,grid,ok
_,mk-voice-head,gridCols,84px 1fr,84px 1156px,ok
_,mk-voice-head,columnGap,0px,0px,ok
_,mk-voice-head,alignItems,start,start,ok
_,mk-voice-head,paddingTop,22px,22px,ok
_,mk-voice-head,customDeclarations:border-top,"1px solid rgba(22,24,28,.16)",no computed value,not-comparable
_,mk-voice-in,width,100%,viewport- or parent-relative,not-comparable
_,mk-voice-in,maxWidth,1240px,1240px,ok
_,mk-voice-in,marginLeft,auto,auto resolves to a used value (60px),not-comparable
_,mk-voice-in,marginRight,auto,auto resolves to a used value (60px),not-comparable
_,mk-voice-pad,paddingTop,84px,84px,ok
_,mk-voices,backgroundColor,"rgb(250,250,247)","rgb(250, 250, 247)",ok
_,mk-voices,paddingLeft,40px,40px,ok
_,mk-voices,paddingRight,40px,40px,ok
_,mk-voices,fontFamily,"'Noto Sans TC','PingFang TC','Hiragino Sans TC','Microsoft JhengHei',sans-serif","""Noto Sans TC"", ""PingFang TC"", ""Hiragino Sans TC"", ""Microsoft JhengHei"", sans-serif",ok
_,mk-work-0,display,grid,grid,ok
_,mk-work-0,gridCols,60px 1.4fr 1fr 1fr,60px 461.172px 329.406px 329.406px,ok
_,mk-work-0,columnGap,20px,20px,ok
_,mk-work-0,alignItems,baseline,baseline,ok
_,mk-work-0,paddingTop,17px,17px,ok
_,mk-work-0,paddingBottom,17px,17px,ok
_,mk-work-0,cursor,pointer,pointer,ok
_,mk-work-0,customDeclarations:border-bottom,"1px solid rgba(22,24,28,.16)",no computed value,not-comparable
_,mk-work-1,display,grid,grid,ok
_,mk-work-1,gridCols,60px 1.4fr 1fr 1fr,60px 461.172px 329.406px 329.406px,ok
_,mk-work-1,columnGap,20px,20px,ok
_,mk-work-1,alignItems,baseline,baseline,ok
_,mk-work-1,paddingTop,17px,17px,ok
_,mk-work-1,paddingBottom,17px,17px,ok
_,mk-work-1,cursor,pointer,pointer,ok
_,mk-work-1,customDeclarations:border-bottom,"1px solid rgba(22,24,28,.16)",no computed value,not-comparable
_,mk-work-2,display,grid,grid,ok
_,mk-work-2,gridCols,60px 1.4fr 1fr 1fr,60px 461.172px 329.406px 329.406px,ok
_,mk-work-2,columnGap,20px,20px,ok
_,mk-work-2,alignItems,baseline,baseline,ok
_,mk-work-2,paddingTop,17px,17px,ok
_,mk-work-2,paddingBottom,17px,17px,ok
_,mk-work-2,cursor,pointer,pointer,ok
_,mk-work-2,customDeclarations:border-bottom,"1px solid rgba(22,24,28,.16)",no computed value,not-comparable
_,mk-work-3,display,grid,grid,ok
_,mk-work-3,gridCols,60px 1.4fr 1fr 1fr,60px 461.172px 329.406px 329.406px,ok
_,mk-work-3,columnGap,20px,20px,ok
_,mk-work-3,alignItems,baseline,baseline,ok
_,mk-work-3,paddingTop,17px,17px,ok
_,mk-work-3,paddingBottom,17px,17px,ok
_,mk-work-3,cursor,pointer,pointer,ok
_,mk-work-3,customDeclarations:border-bottom,"1px solid rgba(22,24,28,.16)",no computed value,not-comparable
_,mk-work-4,display,grid,grid,ok
_,mk-work-4,gridCols,60px 1.4fr 1fr 1fr,60px 461.172px 329.406px 329.406px,ok
_,mk-work-4,columnGap,20px,20px,ok
_,mk-work-4,alignItems,baseline,baseline,ok
_,mk-work-4,paddingTop,17px,17px,ok
_,mk-work-4,paddingBottom,17px,17px,ok
_,mk-work-4,cursor,pointer,pointer,ok
_,mk-work-4,customDeclarations:border-bottom,"1px solid rgba(22,24,28,.16)",no computed value,not-comparable
_,mk-work-5,display,grid,grid,ok
_,mk-work-5,gridCols,60px 1.4fr 1fr 1fr,60px 461.172px 329.406px 329.406px,ok
_,mk-work-5,columnGap,20px,20px,ok
_,mk-work-5,alignItems,baseline,baseline,ok
_,mk-work-5,paddingTop,17px,17px,ok
_,mk-work-5,paddingBottom,17px,17px,ok
_,mk-work-5,cursor,pointer,pointer,ok
_,mk-work-5,customDeclarations:border-bottom,"1px solid rgba(22,24,28,.16)",no computed value,not-comparable
_,mk-work-6,display,grid,grid,ok
_,mk-work-6,gridCols,60px 1.4fr 1fr 1fr,60px 461.172px 329.406px 329.406px,ok
_,mk-work-6,columnGap,20px,20px,ok
_,mk-work-6,alignItems,baseline,baseline,ok
_,mk-work-6,paddingTop,17px,17px,ok
_,mk-work-6,paddingBottom,17px,17px,ok
_,mk-work-6,cursor,pointer,pointer,ok
_,mk-work-6,customDeclarations:border-bottom,"1px solid rgba(22,24,28,.16)",no computed value,not-comparable
_,mk-work-7,display,grid,grid,ok
_,mk-work-7,gridCols,60px 1.4fr 1fr 1fr,60px 461.172px 329.406px 329.406px,ok
_,mk-work-7,columnGap,20px,20px,ok
_,mk-work-7,alignItems,baseline,baseline,ok
_,mk-work-7,paddingTop,17px,17px,ok
_,mk-work-7,paddingBottom,17px,17px,ok
_,mk-work-7,cursor,pointer,pointer,ok
_,mk-work-7,customDeclarations:border-bottom,"1px solid rgba(22,24,28,.16)",no computed value,not-comparable
_,mk-work-8,display,grid,grid,ok
_,mk-work-8,gridCols,60px 1.4fr 1fr 1fr,60px 461.172px 329.406px 329.406px,ok
_,mk-work-8,columnGap,20px,20px,ok
_,mk-work-8,alignItems,baseline,baseline,ok
_,mk-work-8,paddingTop,17px,17px,ok
_,mk-work-8,paddingBottom,17px,17px,ok
_,mk-work-8,cursor,pointer,pointer,ok
_,mk-work-8,customDeclarations:border-bottom,"1px solid rgba(22,24,28,.16)",no computed value,not-comparable
_,mk-work-idx-0,color,"rgb(107,109,113)","rgb(107, 109, 113)",ok
_,mk-work-idx-0,fontSize,12px,12px,ok
_,mk-work-idx-0,fontFamily,"'IBM Plex Mono',ui-monospace,SFMono-Regular,Menlo,Consolas,monospace","""IBM Plex Mono"", ui-monospace, SFMono-Regular, Menlo, Consolas, monospace",ok
_,mk-work-idx-0,letterSpacing,0.04em,0.48px,ok
_,mk-work-idx-0,transitionAll,180ms ease,composite or raw value,not-comparable
_,mk-work-idx-1,color,"rgb(107,109,113)","rgb(107, 109, 113)",ok
_,mk-work-idx-1,fontSize,12px,12px,ok
_,mk-work-idx-1,fontFamily,"'IBM Plex Mono',ui-monospace,SFMono-Regular,Menlo,Consolas,monospace","""IBM Plex Mono"", ui-monospace, SFMono-Regular, Menlo, Consolas, monospace",ok
_,mk-work-idx-1,letterSpacing,0.04em,0.48px,ok
_,mk-work-idx-1,transitionAll,180ms ease,composite or raw value,not-comparable
_,mk-work-idx-2,color,"rgb(107,109,113)","rgb(107, 109, 113)",ok
_,mk-work-idx-2,fontSize,12px,12px,ok
_,mk-work-idx-2,fontFamily,"'IBM Plex Mono',ui-monospace,SFMono-Regular,Menlo,Consolas,monospace","""IBM Plex Mono"", ui-monospace, SFMono-Regular, Menlo, Consolas, monospace",ok
_,mk-work-idx-2,letterSpacing,0.04em,0.48px,ok
_,mk-work-idx-2,transitionAll,180ms ease,composite or raw value,not-comparable
_,mk-work-idx-3,color,"rgb(107,109,113)","rgb(107, 109, 113)",ok
_,mk-work-idx-3,fontSize,12px,12px,ok
_,mk-work-idx-3,fontFamily,"'IBM Plex Mono',ui-monospace,SFMono-Regular,Menlo,Consolas,monospace","""IBM Plex Mono"", ui-monospace, SFMono-Regular, Menlo, Consolas, monospace",ok
_,mk-work-idx-3,letterSpacing,0.04em,0.48px,ok
_,mk-work-idx-3,transitionAll,180ms ease,composite or raw value,not-comparable
_,mk-work-idx-4,color,"rgb(107,109,113)","rgb(107, 109, 113)",ok
_,mk-work-idx-4,fontSize,12px,12px,ok
_,mk-work-idx-4,fontFamily,"'IBM Plex Mono',ui-monospace,SFMono-Regular,Menlo,Consolas,monospace","""IBM Plex Mono"", ui-monospace, SFMono-Regular, Menlo, Consolas, monospace",ok
_,mk-work-idx-4,letterSpacing,0.04em,0.48px,ok
_,mk-work-idx-4,transitionAll,180ms ease,composite or raw value,not-comparable
_,mk-work-idx-5,color,"rgb(107,109,113)","rgb(107, 109, 113)",ok
_,mk-work-idx-5,fontSize,12px,12px,ok
_,mk-work-idx-5,fontFamily,"'IBM Plex Mono',ui-monospace,SFMono-Regular,Menlo,Consolas,monospace","""IBM Plex Mono"", ui-monospace, SFMono-Regular, Menlo, Consolas, monospace",ok
_,mk-work-idx-5,letterSpacing,0.04em,0.48px,ok
_,mk-work-idx-5,transitionAll,180ms ease,composite or raw value,not-comparable
_,mk-work-idx-6,color,"rgb(107,109,113)","rgb(107, 109, 113)",ok
_,mk-work-idx-6,fontSize,12px,12px,ok
_,mk-work-idx-6,fontFamily,"'IBM Plex Mono',ui-monospace,SFMono-Regular,Menlo,Consolas,monospace","""IBM Plex Mono"", ui-monospace, SFMono-Regular, Menlo, Consolas, monospace",ok
_,mk-work-idx-6,letterSpacing,0.04em,0.48px,ok
_,mk-work-idx-6,transitionAll,180ms ease,composite or raw value,not-comparable
_,mk-work-idx-7,color,"rgb(107,109,113)","rgb(107, 109, 113)",ok
_,mk-work-idx-7,fontSize,12px,12px,ok
_,mk-work-idx-7,fontFamily,"'IBM Plex Mono',ui-monospace,SFMono-Regular,Menlo,Consolas,monospace","""IBM Plex Mono"", ui-monospace, SFMono-Regular, Menlo, Consolas, monospace",ok
_,mk-work-idx-7,letterSpacing,0.04em,0.48px,ok
_,mk-work-idx-7,transitionAll,180ms ease,composite or raw value,not-comparable
_,mk-work-idx-8,color,"rgb(107,109,113)","rgb(107, 109, 113)",ok
_,mk-work-idx-8,fontSize,12px,12px,ok
_,mk-work-idx-8,fontFamily,"'IBM Plex Mono',ui-monospace,SFMono-Regular,Menlo,Consolas,monospace","""IBM Plex Mono"", ui-monospace, SFMono-Regular, Menlo, Consolas, monospace",ok
_,mk-work-idx-8,letterSpacing,0.04em,0.48px,ok
_,mk-work-idx-8,transitionAll,180ms ease,composite or raw value,not-comparable
_,mk-works-foot,paddingTop,16px,16px,ok
_,mk-works-head,display,grid,grid,ok
_,mk-works-head,gridCols,84px 1fr,84px 1156px,ok
_,mk-works-head,columnGap,0px,0px,ok
_,mk-works-head,alignItems,start,start,ok
_,mk-works-head,paddingTop,22px,22px,ok
_,mk-works-head,customDeclarations:border-top,"1px solid rgba(22,24,28,.16)",no computed value,not-comparable
_,mk-works-in,width,100%,viewport- or parent-relative,not-comparable
_,mk-works-in,maxWidth,1240px,1240px,ok
_,mk-works-in,marginLeft,auto,auto resolves to a used value (60px),not-comparable
_,mk-works-in,marginRight,auto,auto resolves to a used value (60px),not-comparable
_,mk-works-pad,paddingTop,84px,84px,ok
_,mk-works-table,marginTop,44px,44px,ok
_,mk-works-thead,display,grid,grid,ok
_,mk-works-thead,gridCols,60px 1.4fr 1fr 1fr,60px 461.172px 329.406px 329.406px,ok
_,mk-works-thead,columnGap,20px,20px,ok
_,mk-works-thead,paddingBottom,12px,12px,ok
_,mk-works-thead,customDeclarations:border-bottom,"1px solid rgba(22,24,28,.34)",no computed value,not-comparable
_,plate,backgroundColor,"rgb(243,243,239)","rgb(243, 243, 239)",ok
_,plate,paddingLeft,40px,40px,ok
_,plate,paddingRight,40px,40px,ok
_,plate,fontFamily,"'Noto Sans TC','PingFang TC','Hiragino Sans TC','Microsoft JhengHei',sans-serif","""Noto Sans TC"", ""PingFang TC"", ""Hiragino Sans TC"", ""Microsoft JhengHei"", sans-serif",ok
_,process,backgroundColor,"rgb(250,250,247)","rgb(250, 250, 247)",ok
_,process,paddingLeft,40px,40px,ok
_,process,paddingRight,40px,40px,ok
_,process,fontFamily,"'Noto Sans TC','PingFang TC','Hiragino Sans TC','Microsoft JhengHei',sans-serif","""Noto Sans TC"", ""PingFang TC"", ""Hiragino Sans TC"", ""Microsoft JhengHei"", sans-serif",ok
_,products,backgroundColor,"rgb(22,24,28)","rgb(22, 24, 28)",ok
_,products,paddingLeft,40px,40px,ok
_,products,paddingRight,40px,40px,ok
_,products,fontFamily,"'Noto Sans TC','PingFang TC','Hiragino Sans TC','Microsoft JhengHei',sans-serif","""Noto Sans TC"", ""PingFang TC"", ""Hiragino Sans TC"", ""Microsoft JhengHei"", sans-serif",ok
_,services,backgroundColor,"rgb(250,250,247)","rgb(250, 250, 247)",ok
_,services,paddingLeft,40px,40px,ok
_,services,paddingRight,40px,40px,ok
_,services,fontFamily,"'Noto Sans TC','PingFang TC','Hiragino Sans TC','Microsoft JhengHei',sans-serif","""Noto Sans TC"", ""PingFang TC"", ""Hiragino Sans TC"", ""Microsoft JhengHei"", sans-serif",ok
_,specimen,backgroundColor,"rgb(22,24,28)","rgb(22, 24, 28)",ok
_,specimen,paddingLeft,40px,40px,ok
_,specimen,paddingRight,40px,40px,ok
_,specimen,fontFamily,"'Noto Sans TC','PingFang TC','Hiragino Sans TC','Microsoft JhengHei',sans-serif","""Noto Sans TC"", ""PingFang TC"", ""Hiragino Sans TC"", ""Microsoft JhengHei"", sans-serif",ok
_,stack,backgroundColor,"rgb(250,250,247)","rgb(250, 250, 247)",ok
_,stack,paddingLeft,40px,40px,ok
_,stack,paddingRight,40px,40px,ok
_,stack,fontFamily,"'Noto Sans TC','PingFang TC','Hiragino Sans TC','Microsoft JhengHei',sans-serif","""Noto Sans TC"", ""PingFang TC"", ""Hiragino Sans TC"", ""Microsoft JhengHei"", sans-serif",ok
_,works,backgroundColor,"rgb(250,250,247)","rgb(250, 250, 247)",ok
_,works,paddingLeft,40px,40px,ok
_,works,paddingRight,40px,40px,ok
_,works,fontFamily,"'Noto Sans TC','PingFang TC','Hiragino Sans TC','Microsoft JhengHei',sans-serif","""Noto Sans TC"", ""PingFang TC"", ""Hiragino Sans TC"", ""Microsoft JhengHei"", sans-serif",ok
_t,board,backgroundColor,"rgb(22,24,28)","rgb(22, 24, 28)",ok
_t,board,paddingLeft,28px,28px,ok
_t,board,paddingRight,28px,28px,ok
_t,board,fontFamily,"'Noto Sans TC','PingFang TC','Hiragino Sans TC','Microsoft JhengHei',sans-serif","""Noto Sans TC"", ""PingFang TC"", ""Hiragino Sans TC"", ""Microsoft JhengHei"", sans-serif",ok
_t,contact,backgroundColor,"rgb(250,250,247)","rgb(250, 250, 247)",ok
_t,contact,paddingLeft,28px,28px,ok
_t,contact,paddingRight,28px,28px,ok
_t,contact,fontFamily,"'Noto Sans TC','PingFang TC','Hiragino Sans TC','Microsoft JhengHei',sans-serif","""Noto Sans TC"", ""PingFang TC"", ""Hiragino Sans TC"", ""Microsoft JhengHei"", sans-serif",ok
_t,figure,backgroundColor,"rgb(250,250,247)","rgb(250, 250, 247)",ok
_t,figure,paddingLeft,28px,28px,ok
_t,figure,paddingRight,28px,28px,ok
_t,figure,fontFamily,"'Noto Sans TC','PingFang TC','Hiragino Sans TC','Microsoft JhengHei',sans-serif","""Noto Sans TC"", ""PingFang TC"", ""Hiragino Sans TC"", ""Microsoft JhengHei"", sans-serif",ok
_t,matrix,backgroundColor,"rgb(243,243,239)","rgb(243, 243, 239)",ok
_t,matrix,paddingLeft,28px,28px,ok
_t,matrix,paddingRight,28px,28px,ok
_t,matrix,fontFamily,"'Noto Sans TC','PingFang TC','Hiragino Sans TC','Microsoft JhengHei',sans-serif","""Noto Sans TC"", ""PingFang TC"", ""Hiragino Sans TC"", ""Microsoft JhengHei"", sans-serif",ok
_t,mk-ar-a-0,display,flex,flex,ok
_t,mk-ar-a-0,justifyContent,center,center,ok
_t,mk-ar-a-0,alignItems,center,center,ok
_t,mk-ar-a-1,display,flex,flex,ok
_t,mk-ar-a-1,justifyContent,center,center,ok
_t,mk-ar-a-1,alignItems,center,center,ok
_t,mk-ar-a-2,display,flex,flex,ok
_t,mk-ar-a-2,justifyContent,center,center,ok
_t,mk-ar-a-2,alignItems,center,center,ok
_t,mk-ar-b-0,display,flex,flex,ok
_t,mk-ar-b-0,justifyContent,center,center,ok
_t,mk-ar-b-0,alignItems,center,center,ok
_t,mk-ar-b-1,display,flex,flex,ok
_t,mk-ar-b-1,justifyContent,center,center,ok
_t,mk-ar-b-1,alignItems,center,center,ok
_t,mk-ar-b-2,display,flex,flex,ok
_t,mk-ar-b-2,justifyContent,center,center,ok
_t,mk-ar-b-2,alignItems,center,center,ok
_t,mk-board-city,customDeclarations:overflow,hidden,no computed value,not-comparable
_t,mk-board-city,customDeclarations:height,34px,34px,ok
_t,mk-board-code,display,flex,flex,ok
_t,mk-board-code,columnGap,8px,8px,ok
_t,mk-board-head,display,flex,flex,ok
_t,mk-board-head,justifyContent,space-between,space-between,ok
_t,mk-board-head,columnGap,20px,20px,ok
_t,mk-board-head,rowGap,8px,8px,ok
_t,mk-board-head,customDeclarations:flex-wrap,wrap,wrap,ok
_t,mk-board-in,width,100%,viewport- or parent-relative,not-comparable
_t,mk-board-in,maxWidth,1240px,1240px,ok
_t,mk-board-in,marginLeft,auto,auto resolves to a used value (0px),not-comparable
_t,mk-board-in,marginRight,auto,auto resolves to a used value (0px),not-comparable
_t,mk-board-pad,paddingTop,72px,72px,ok
_t,mk-board-pad,paddingBottom,72px,72px,ok
_t,mk-board-row,display,flex,flex,ok
_t,mk-board-row,alignItems,center,center,ok
_t,mk-board-row,columnGap,26px,26px,ok
_t,mk-board-row,marginTop,34px,34px,ok
_t,mk-board-row,customDeclarations:flex-wrap,wrap,wrap,ok
_t,mk-board-utc,customDeclarations:overflow,hidden,no computed value,not-comparable
_t,mk-board-utc,customDeclarations:height,34px,34px,ok
_t,mk-caret-row,display,flex,flex,ok
_t,mk-caret-row,alignItems,center,center,ok
_t,mk-caret-row,marginTop,10px,10px,ok
_t,mk-colophon,paddingLeft,40px,40px,ok
_t,mk-colophon,paddingRight,40px,40px,ok
_t,mk-colophon-card,backgroundColor,"rgb(250,250,247)","rgb(250, 250, 247)",ok
_t,mk-colophon-card,maxWidth,520px,520px,ok
_t,mk-colophon-card,width,100%,viewport- or parent-relative,not-comparable
_t,mk-colophon-card,flexDirection,column,column,ok
_t,mk-colophon-card,rowGap,0px,0px,ok
_t,mk-colophon-card,position,relative,relative,ok
_t,mk-colophon-card,paddingTop,34px,34px,ok
_t,mk-colophon-card,paddingBottom,30px,30px,ok
_t,mk-colophon-card,paddingLeft,34px,34px,ok
_t,mk-colophon-card,paddingRight,34px,34px,ok
_t,mk-colophon-card,customDeclarations:border,"1px solid rgb(22,24,28)",no computed value,not-comparable
_t,mk-colophon-cta,display,flex,flex,ok
_t,mk-colophon-cta,columnGap,14px,14px,ok
_t,mk-colophon-cta,rowGap,10px,10px,ok
_t,mk-colophon-cta,marginTop,26px,26px,ok
_t,mk-colophon-cta,flexWrap,wrap,wrap,ok
_t,mk-colophon-cta,alignItems,center,center,ok
_t,mk-colophon-go,backgroundColor,"rgb(255,90,54)","rgb(255, 90, 54)",ok
_t,mk-colophon-go,color,"rgb(22,24,28)","rgb(22, 24, 28)",ok
_t,mk-colophon-go,fontFamily,"'IBM Plex Mono',ui-monospace,SFMono-Regular,Menlo,Consolas,monospace","""IBM Plex Mono"", ui-monospace, SFMono-Regular, Menlo, Consolas, monospace",ok
_t,mk-colophon-go,fontSize,11px,11px,ok
_t,mk-colophon-go,letterSpacing,0.18em,1.98px,ok
_t,mk-colophon-go,fontWeight,500,500,ok
_t,mk-colophon-go,paddingLeft,22px,22px,ok
_t,mk-colophon-go,paddingRight,22px,22px,ok
_t,mk-colophon-go,paddingTop,13px,13px,ok
_t,mk-colophon-go,paddingBottom,13px,13px,ok
_t,mk-colophon-go,customDeclarations:border,"1px solid rgb(255,90,54)",no computed value,not-comparable
_t,mk-colophon-head,display,flex,flex,ok
_t,mk-colophon-head,justifyContent,space-between,space-between,ok
_t,mk-colophon-head,alignItems,baseline,baseline,ok
_t,mk-colophon-head,columnGap,16px,16px,ok
_t,mk-colophon-head,paddingBottom,14px,14px,ok
_t,mk-colophon-head,customDeclarations:border-bottom,"1px solid rgba(22,24,28,.16)",no computed value,not-comparable
_t,mk-colophon-stay,backgroundColor,"rgba(0,0,0,0)","rgba(0, 0, 0, 0)",ok
_t,mk-colophon-stay,color,"rgb(90,92,97)","rgb(90, 92, 97)",ok
_t,mk-colophon-stay,fontFamily,"'IBM Plex Mono',ui-monospace,SFMono-Regular,Menlo,Consolas,monospace","""IBM Plex Mono"", ui-monospace, SFMono-Regular, Menlo, Consolas, monospace",ok
_t,mk-colophon-stay,fontSize,11px,11px,ok
_t,mk-colophon-stay,letterSpacing,0.18em,1.98px,ok
_t,mk-colophon-stay,fontWeight,400,400,ok
_t,mk-colophon-stay,paddingLeft,4px,4px,ok
_t,mk-colophon-stay,paddingRight,4px,4px,ok
_t,mk-colophon-stay,paddingTop,13px,13px,ok
_t,mk-colophon-stay,paddingBottom,13px,13px,ok
_t,mk-colophon-stay,cursor,pointer,pointer,ok
_t,mk-colophon-veil,backgroundColor,"rgba(22,24,28,.62)","rgba(22, 24, 28, 0.62)",ok
_t,mk-contact-head,display,grid,grid,ok
_t,mk-contact-head,gridCols,84px 1fr,84px 760px,ok
_t,mk-contact-head,columnGap,0px,0px,ok
_t,mk-contact-head,alignItems,start,start,ok
_t,mk-contact-head,paddingTop,22px,22px,ok
_t,mk-contact-head,customDeclarations:border-top,"1px solid rgba(22,24,28,.16)",no computed value,not-comparable
_t,mk-contact-in,width,100%,viewport- or parent-relative,not-comparable
_t,mk-contact-in,maxWidth,1240px,1240px,ok
_t,mk-contact-in,marginLeft,auto,auto resolves to a used value (0px),not-comparable
_t,mk-contact-in,marginRight,auto,auto resolves to a used value (0px),not-comparable
_t,mk-contact-pad,paddingTop,84px,84px,ok
_t,mk-contact-pad,paddingBottom,96px,96px,ok
_t,mk-contact-r-0,display,grid,grid,ok
_t,mk-contact-r-0,gridCols,150px 1fr,150px 590px,ok
_t,mk-contact-r-0,columnGap,20px,20px,ok
_t,mk-contact-r-0,alignItems,baseline,baseline,ok
_t,mk-contact-r-0,paddingTop,15px,15px,ok
_t,mk-contact-r-0,paddingBottom,15px,15px,ok
_t,mk-contact-r-0,customDeclarations:border-top,"1px solid rgba(22,24,28,.16)",no computed value,not-comparable
_t,mk-contact-r-1,display,grid,grid,ok
_t,mk-contact-r-1,gridCols,150px 1fr,150px 590px,ok
_t,mk-contact-r-1,columnGap,20px,20px,ok
_t,mk-contact-r-1,alignItems,baseline,baseline,ok
_t,mk-contact-r-1,paddingTop,15px,15px,ok
_t,mk-contact-r-1,paddingBottom,15px,15px,ok
_t,mk-contact-r-1,customDeclarations:border-top,"1px solid rgba(22,24,28,.16)",no computed value,not-comparable
_t,mk-contact-r-2,display,grid,grid,ok
_t,mk-contact-r-2,gridCols,150px 1fr,150px 590px,ok
_t,mk-contact-r-2,columnGap,20px,20px,ok
_t,mk-contact-r-2,alignItems,baseline,baseline,ok
_t,mk-contact-r-2,paddingTop,15px,15px,ok
_t,mk-contact-r-2,paddingBottom,15px,15px,ok
_t,mk-contact-r-2,customDeclarations:border-top,"1px solid rgba(22,24,28,.16)",no computed value,not-comparable
_t,mk-contact-r-3,display,grid,grid,ok
_t,mk-contact-r-3,gridCols,150px 1fr,150px 590px,ok
_t,mk-contact-r-3,columnGap,20px,20px,ok
_t,mk-contact-r-3,alignItems,baseline,baseline,ok
_t,mk-contact-r-3,paddingTop,15px,15px,ok
_t,mk-contact-r-3,paddingBottom,15px,15px,ok
_t,mk-contact-r-3,customDeclarations:border-top,"1px solid rgba(22,24,28,.16)",no computed value,not-comparable
_t,mk-contact-rows,marginTop,34px,34px,ok
_t,mk-contact-rows,display,grid,grid,ok
_t,mk-contact-rows,rowGap,0px,0px,ok
_t,mk-cta-1,backgroundColor,"rgb(255,90,54)","rgb(255, 90, 54)",ok
_t,mk-cta-1,color,"rgb(22,24,28)","rgb(22, 24, 28)",ok
_t,mk-cta-1,paddingLeft,22px,22px,ok
_t,mk-cta-1,paddingRight,22px,22px,ok
_t,mk-cta-1,paddingTop,13px,13px,ok
_t,mk-cta-1,paddingBottom,13px,13px,ok
_t,mk-cta-1,customDeclarations:border,"1px solid rgb(255,90,54)",no computed value,not-comparable
_t,mk-cta-1,fontSize,13px,13px,ok
_t,mk-cta-1,fontFamily,"'IBM Plex Mono',ui-monospace,SFMono-Regular,Menlo,Consolas,monospace","""IBM Plex Mono"", ui-monospace, SFMono-Regular, Menlo, Consolas, monospace",ok
_t,mk-cta-1,letterSpacing,0.1em,1.3px,ok
_t,mk-cta-1,radius,0px,no computed value,not-comparable
_t,mk-cta-1,cursor,pointer,pointer,ok
_t,mk-cta-1,transitionAll,180ms ease,composite or raw value,not-comparable
_t,mk-cta-2,backgroundColor,"rgba(0,0,0,0)","rgba(0, 0, 0, 0)",ok
_t,mk-cta-2,color,"rgb(22,24,28)","rgb(22, 24, 28)",ok
_t,mk-cta-2,paddingLeft,0px,0px,ok
_t,mk-cta-2,paddingRight,0px,0px,ok
_t,mk-cta-2,paddingTop,13px,13px,ok
_t,mk-cta-2,paddingBottom,13px,13px,ok
_t,mk-cta-2,customDeclarations:border,"1px solid rgba(0,0,0,0)",no computed value,not-comparable
_t,mk-cta-2,customDeclarations:border-bottom-color,"rgb(22,24,28)","rgb(22, 24, 28)",ok
_t,mk-cta-2,fontSize,13px,13px,ok
_t,mk-cta-2,fontFamily,"'IBM Plex Mono',ui-monospace,SFMono-Regular,Menlo,Consolas,monospace","""IBM Plex Mono"", ui-monospace, SFMono-Regular, Menlo, Consolas, monospace",ok
_t,mk-cta-2,letterSpacing,0.1em,1.3px,ok
_t,mk-cta-2,radius,0px,no computed value,not-comparable
_t,mk-cta-2,cursor,pointer,pointer,ok
_t,mk-cta-2,transitionAll,180ms ease,composite or raw value,not-comparable
_t,mk-fig-0,display,flex,flex,ok
_t,mk-fig-0,alignItems,baseline,baseline,ok
_t,mk-fig-0,columnGap,0px,0px,ok
_t,mk-fig-0,customDeclarations:font-variant-numeric,tabular-nums,tabular-nums,ok
_t,mk-fig-0-d0,customDeclarations:overflow,hidden,no computed value,not-comparable
_t,mk-fig-0-d0,customDeclarations:--d,0ms,0ms,ok
_t,mk-fig-1,display,flex,flex,ok
_t,mk-fig-1,alignItems,baseline,baseline,ok
_t,mk-fig-1,columnGap,0px,0px,ok
_t,mk-fig-1,customDeclarations:font-variant-numeric,tabular-nums,tabular-nums,ok
_t,mk-fig-1-d0,customDeclarations:overflow,hidden,no computed value,not-comparable
_t,mk-fig-1-d0,customDeclarations:--d,0ms,0ms,ok
_t,mk-fig-1-d1,customDeclarations:overflow,hidden,no computed value,not-comparable
_t,mk-fig-1-d1,customDeclarations:--d,70ms,70ms,ok
_t,mk-fig-1-d2,customDeclarations:overflow,hidden,no computed value,not-comparable
_t,mk-fig-1-d2,customDeclarations:--d,140ms,140ms,ok
_t,mk-fig-2,display,flex,flex,ok
_t,mk-fig-2,alignItems,baseline,baseline,ok
_t,mk-fig-2,columnGap,0px,0px,ok
_t,mk-fig-2,customDeclarations:font-variant-numeric,tabular-nums,tabular-nums,ok
_t,mk-fig-2-d0,customDeclarations:overflow,hidden,no computed value,not-comparable
_t,mk-fig-2-d0,customDeclarations:--d,0ms,0ms,ok
_t,mk-fig-2-d1,customDeclarations:overflow,hidden,no computed value,not-comparable
_t,mk-fig-2-d1,customDeclarations:--d,70ms,70ms,ok
_t,mk-fig-3,display,flex,flex,ok
_t,mk-fig-3,alignItems,baseline,baseline,ok
_t,mk-fig-3,columnGap,0px,0px,ok
_t,mk-fig-3,customDeclarations:font-variant-numeric,tabular-nums,tabular-nums,ok
_t,mk-fig-3-d0,customDeclarations:overflow,hidden,no computed value,not-comparable
_t,mk-fig-3-d0,customDeclarations:--d,0ms,0ms,ok
_t,mk-fig-3-d1,customDeclarations:overflow,hidden,no computed value,not-comparable
_t,mk-fig-3-d1,customDeclarations:--d,70ms,70ms,ok
_t,mk-fig-3-d2,customDeclarations:overflow,hidden,no computed value,not-comparable
_t,mk-fig-3-d2,customDeclarations:--d,140ms,140ms,ok
_t,mk-fig2-grid,display,grid,grid,ok
_t,mk-fig2-grid,gridCols,1fr 34px 1fr 34px 1fr,258.656px 34px 258.672px 34px 258.656px,ok
_t,mk-fig2-grid,columnGap,0px,0px,ok
_t,mk-fig2-grid,rowGap,16px,16px,ok
_t,mk-fig2-grid,marginTop,34px,34px,ok
_t,mk-fig2-head,display,flex,flex,ok
_t,mk-fig2-head,justifyContent,space-between,space-between,ok
_t,mk-fig2-head,columnGap,20px,20px,ok
_t,mk-fig2-head,rowGap,8px,8px,ok
_t,mk-fig2-head,customDeclarations:flex-wrap,wrap,wrap,ok
_t,mk-fig2-in,width,100%,viewport- or parent-relative,not-comparable
_t,mk-fig2-in,maxWidth,1240px,1240px,ok
_t,mk-fig2-in,marginLeft,auto,auto resolves to a used value (0px),not-comparable
_t,mk-fig2-in,marginRight,auto,auto resolves to a used value (0px),not-comparable
_t,mk-fig2-pad,paddingTop,82px,82px,ok
_t,mk-fig2-pad,paddingBottom,82px,82px,ok
_t,mk-fl-a-0,paddingTop,14px,14px,ok
_t,mk-fl-a-0,paddingBottom,14px,14px,ok
_t,mk-fl-a-0,paddingLeft,16px,16px,ok
_t,mk-fl-a-0,paddingRight,16px,16px,ok
_t,mk-fl-a-0,customDeclarations:border,"1px solid rgba(22,24,28,.16)",no computed value,not-comparable
_t,mk-fl-a-1,paddingTop,14px,14px,ok
_t,mk-fl-a-1,paddingBottom,14px,14px,ok
_t,mk-fl-a-1,paddingLeft,16px,16px,ok
_t,mk-fl-a-1,paddingRight,16px,16px,ok
_t,mk-fl-a-1,customDeclarations:border,"1px solid rgba(22,24,28,.16)",no computed value,not-comparable
_t,mk-fl-a-2,paddingTop,14px,14px,ok
_t,mk-fl-a-2,paddingBottom,14px,14px,ok
_t,mk-fl-a-2,paddingLeft,16px,16px,ok
_t,mk-fl-a-2,paddingRight,16px,16px,ok
_t,mk-fl-a-2,customDeclarations:border,"1px solid rgba(22,24,28,.16)",no computed value,not-comparable
_t,mk-fl-b-0,paddingTop,14px,14px,ok
_t,mk-fl-b-0,paddingBottom,14px,14px,ok
_t,mk-fl-b-0,paddingLeft,16px,16px,ok
_t,mk-fl-b-0,paddingRight,16px,16px,ok
_t,mk-fl-b-0,customDeclarations:border,"1px solid rgba(22,24,28,.16)",no computed value,not-comparable
_t,mk-fl-b-1,paddingTop,14px,14px,ok
_t,mk-fl-b-1,paddingBottom,14px,14px,ok
_t,mk-fl-b-1,paddingLeft,16px,16px,ok
_t,mk-fl-b-1,paddingRight,16px,16px,ok
_t,mk-fl-b-1,customDeclarations:border,"1px solid rgba(22,24,28,.16)",no computed value,not-comparable
_t,mk-fl-b-2,paddingTop,14px,14px,ok
_t,mk-fl-b-2,paddingBottom,14px,14px,ok
_t,mk-fl-b-2,paddingLeft,16px,16px,ok
_t,mk-fl-b-2,paddingRight,16px,16px,ok
_t,mk-fl-b-2,customDeclarations:border,"1px solid rgba(22,24,28,.16)",no computed value,not-comparable
_t,mk-fl-c-0,paddingTop,14px,14px,ok
_t,mk-fl-c-0,paddingBottom,14px,14px,ok
_t,mk-fl-c-0,paddingLeft,16px,16px,ok
_t,mk-fl-c-0,paddingRight,16px,16px,ok
_t,mk-fl-c-0,customDeclarations:border,"1px solid rgba(22,24,28,.16)",no computed value,not-comparable
_t,mk-fl-c-1,paddingTop,14px,14px,ok
_t,mk-fl-c-1,paddingBottom,14px,14px,ok
_t,mk-fl-c-1,paddingLeft,16px,16px,ok
_t,mk-fl-c-1,paddingRight,16px,16px,ok
_t,mk-fl-c-1,customDeclarations:border,"1px solid rgba(22,24,28,.16)",no computed value,not-comparable
_t,mk-fl-c-2,paddingTop,14px,14px,ok
_t,mk-fl-c-2,paddingBottom,14px,14px,ok
_t,mk-fl-c-2,paddingLeft,16px,16px,ok
_t,mk-fl-c-2,paddingRight,16px,16px,ok
_t,mk-fl-c-2,customDeclarations:border,"1px solid rgba(22,24,28,.16)",no computed value,not-comparable
_t,mk-flap-0,customDeclarations:overflow,hidden,no computed value,not-comparable
_t,mk-flap-0,customDeclarations:height,86px,86px,ok
_t,mk-flap-0,customDeclarations:background,"rgb(30,32,37)",no computed value,not-comparable
_t,mk-flap-0,customDeclarations:padding,0 16px,no computed value,not-comparable
_t,mk-flap-0,customDeclarations:border,"1px solid rgba(250,250,247,.14)",no computed value,not-comparable
_t,mk-flap-1,customDeclarations:overflow,hidden,no computed value,not-comparable
_t,mk-flap-1,customDeclarations:height,86px,86px,ok
_t,mk-flap-1,customDeclarations:background,"rgb(30,32,37)",no computed value,not-comparable
_t,mk-flap-1,customDeclarations:padding,0 16px,no computed value,not-comparable
_t,mk-flap-1,customDeclarations:border,"1px solid rgba(250,250,247,.14)",no computed value,not-comparable
_t,mk-flap-2,customDeclarations:overflow,hidden,no computed value,not-comparable
_t,mk-flap-2,customDeclarations:height,86px,86px,ok
_t,mk-flap-2,customDeclarations:background,"rgb(30,32,37)",no computed value,not-comparable
_t,mk-flap-2,customDeclarations:padding,0 16px,no computed value,not-comparable
_t,mk-flap-2,customDeclarations:border,"1px solid rgba(250,250,247,.14)",no computed value,not-comparable
_t,mk-hl1-mask,customDeclarations:overflow,hidden,no computed value,not-comparable
_t,mk-hl1-mask,customDeclarations:padding-bottom,.08em,1.28px,ok
_t,mk-hl2-mask,customDeclarations:overflow,hidden,no computed value,not-comparable
_t,mk-hl2-mask,customDeclarations:padding-bottom,.08em,1.28px,ok
_t,mk-idx-0,display,flex,flex,ok
_t,mk-idx-0,columnGap,8px,8px,ok
_t,mk-idx-0,alignItems,baseline,baseline,ok
_t,mk-idx-0,cursor,pointer,pointer,ok
_t,mk-idx-0,color,"rgb(107,109,113)","rgb(107, 109, 113)",ok
_t,mk-idx-0,fontFamily,"'IBM Plex Mono',ui-monospace,SFMono-Regular,Menlo,Consolas,monospace","""IBM Plex Mono"", ui-monospace, SFMono-Regular, Menlo, Consolas, monospace",ok
_t,mk-idx-0,fontSize,10px,10px,ok
_t,mk-idx-0,letterSpacing,0.14em,1.4px,ok
_t,mk-idx-0,transitionAll,220ms ease,composite or raw value,not-comparable
_t,mk-idx-1,display,flex,flex,ok
_t,mk-idx-1,columnGap,8px,8px,ok
_t,mk-idx-1,alignItems,baseline,baseline,ok
_t,mk-idx-1,cursor,pointer,pointer,ok
_t,mk-idx-1,color,"rgb(107,109,113)","rgb(107, 109, 113)",ok
_t,mk-idx-1,fontFamily,"'IBM Plex Mono',ui-monospace,SFMono-Regular,Menlo,Consolas,monospace","""IBM Plex Mono"", ui-monospace, SFMono-Regular, Menlo, Consolas, monospace",ok
_t,mk-idx-1,fontSize,10px,10px,ok
_t,mk-idx-1,letterSpacing,0.14em,1.4px,ok
_t,mk-idx-1,transitionAll,220ms ease,composite or raw value,not-comparable
_t,mk-idx-2,display,flex,flex,ok
_t,mk-idx-2,columnGap,8px,8px,ok
_t,mk-idx-2,alignItems,baseline,baseline,ok
_t,mk-idx-2,cursor,pointer,pointer,ok
_t,mk-idx-2,color,"rgb(107,109,113)","rgb(107, 109, 113)",ok
_t,mk-idx-2,fontFamily,"'IBM Plex Mono',ui-monospace,SFMono-Regular,Menlo,Consolas,monospace","""IBM Plex Mono"", ui-monospace, SFMono-Regular, Menlo, Consolas, monospace",ok
_t,mk-idx-2,fontSize,10px,10px,ok
_t,mk-idx-2,letterSpacing,0.14em,1.4px,ok
_t,mk-idx-2,transitionAll,220ms ease,composite or raw value,not-comparable
_t,mk-idx-3,display,flex,flex,ok
_t,mk-idx-3,columnGap,8px,8px,ok
_t,mk-idx-3,alignItems,baseline,baseline,ok
_t,mk-idx-3,cursor,pointer,pointer,ok
_t,mk-idx-3,color,"rgb(107,109,113)","rgb(107, 109, 113)",ok
_t,mk-idx-3,fontFamily,"'IBM Plex Mono',ui-monospace,SFMono-Regular,Menlo,Consolas,monospace","""IBM Plex Mono"", ui-monospace, SFMono-Regular, Menlo, Consolas, monospace",ok
_t,mk-idx-3,fontSize,10px,10px,ok
_t,mk-idx-3,letterSpacing,0.14em,1.4px,ok
_t,mk-idx-3,transitionAll,220ms ease,composite or raw value,not-comparable
_t,mk-idx-4,display,flex,flex,ok
_t,mk-idx-4,columnGap,8px,8px,ok
_t,mk-idx-4,alignItems,baseline,baseline,ok
_t,mk-idx-4,cursor,pointer,pointer,ok
_t,mk-idx-4,color,"rgb(107,109,113)","rgb(107, 109, 113)",ok
_t,mk-idx-4,fontFamily,"'IBM Plex Mono',ui-monospace,SFMono-Regular,Menlo,Consolas,monospace","""IBM Plex Mono"", ui-monospace, SFMono-Regular, Menlo, Consolas, monospace",ok
_t,mk-idx-4,fontSize,10px,10px,ok
_t,mk-idx-4,letterSpacing,0.14em,1.4px,ok
_t,mk-idx-4,transitionAll,220ms ease,composite or raw value,not-comparable
_t,mk-idx-5,display,flex,flex,ok
_t,mk-idx-5,columnGap,8px,8px,ok
_t,mk-idx-5,alignItems,baseline,baseline,ok
_t,mk-idx-5,cursor,pointer,pointer,ok
_t,mk-idx-5,color,"rgb(107,109,113)","rgb(107, 109, 113)",ok
_t,mk-idx-5,fontFamily,"'IBM Plex Mono',ui-monospace,SFMono-Regular,Menlo,Consolas,monospace","""IBM Plex Mono"", ui-monospace, SFMono-Regular, Menlo, Consolas, monospace",ok
_t,mk-idx-5,fontSize,10px,10px,ok
_t,mk-idx-5,letterSpacing,0.14em,1.4px,ok
_t,mk-idx-5,transitionAll,220ms ease,composite or raw value,not-comparable
_t,mk-idx-6,display,flex,flex,ok
_t,mk-idx-6,columnGap,8px,8px,ok
_t,mk-idx-6,alignItems,baseline,baseline,ok
_t,mk-idx-6,cursor,pointer,pointer,ok
_t,mk-idx-6,color,"rgb(107,109,113)","rgb(107, 109, 113)",ok
_t,mk-idx-6,fontFamily,"'IBM Plex Mono',ui-monospace,SFMono-Regular,Menlo,Consolas,monospace","""IBM Plex Mono"", ui-monospace, SFMono-Regular, Menlo, Consolas, monospace",ok
_t,mk-idx-6,fontSize,10px,10px,ok
_t,mk-idx-6,letterSpacing,0.14em,1.4px,ok
_t,mk-idx-6,transitionAll,220ms ease,composite or raw value,not-comparable
_t,mk-mast,backgroundColor,"rgb(250,250,247)","rgb(250, 250, 247)",ok
_t,mk-mast,paddingLeft,28px,28px,ok
_t,mk-mast,paddingRight,28px,28px,ok
_t,mk-mast,fontFamily,"'Noto Sans TC','PingFang TC','Hiragino Sans TC','Microsoft JhengHei',sans-serif","""Noto Sans TC"", ""PingFang TC"", ""Hiragino Sans TC"", ""Microsoft JhengHei"", sans-serif",ok
_t,mk-mast-body,display,grid,grid,ok
_t,mk-mast-body,gridCols,1.2fr .8fr,484.797px 323.203px,ok
_t,mk-mast-body,columnGap,36px,36px,ok
_t,mk-mast-body,rowGap,32px,32px,ok
_t,mk-mast-body,alignItems,start,start,ok
_t,mk-mast-body,marginTop,26px,26px,ok
_t,mk-mast-cta,display,flex,flex,ok
_t,mk-mast-cta,columnGap,26px,26px,ok
_t,mk-mast-cta,rowGap,10px,10px,ok
_t,mk-mast-cta,marginTop,32px,32px,ok
_t,mk-mast-cta,flexWrap,wrap,wrap,ok
_t,mk-mast-in,width,100%,viewport- or parent-relative,not-comparable
_t,mk-mast-in,maxWidth,1240px,1240px,ok
_t,mk-mast-in,marginLeft,auto,auto resolves to a used value (0px),not-comparable
_t,mk-mast-in,marginRight,auto,auto resolves to a used value (0px),not-comparable
_t,mk-mast-lede,color,"rgb(90,92,97)","rgb(90, 92, 97)",ok
_t,mk-mast-lede,fontSize,16px,16px,ok
_t,mk-mast-lede,lineHeight,2,32px,ok
_t,mk-mast-lede,marginTop,0px,0px,ok
_t,mk-mast-lede,maxWidth,30em,480px,ok
_t,mk-mast-lede,fontFamily,"'Noto Sans TC','PingFang TC','Hiragino Sans TC','Microsoft JhengHei',sans-serif","""Noto Sans TC"", ""PingFang TC"", ""Hiragino Sans TC"", ""Microsoft JhengHei"", sans-serif",ok
_t,mk-mast-lines,marginTop,44px,44px,ok
_t,mk-mast-meta,display,flex,flex,ok
_t,mk-mast-meta,justifyContent,space-between,space-between,ok
_t,mk-mast-meta,columnGap,20px,20px,ok
_t,mk-mast-meta,rowGap,6px,6px,ok
_t,mk-mast-meta,customDeclarations:flex-wrap,wrap,wrap,ok
_t,mk-mast-rule,marginTop,16px,16px,ok
_t,mk-mast-side,display,grid,grid,ok
_t,mk-mast-side,rowGap,0px,0px,ok
_t,mk-mast-side,customDeclarations:border-top,"1px solid rgba(22,24,28,.42)",no computed value,not-comparable
_t,mk-mast-side-0,display,grid,grid,ok
_t,mk-mast-side-0,gridCols,1fr auto,152.953px 156.25px,ok
_t,mk-mast-side-0,columnGap,14px,14px,ok
_t,mk-mast-side-0,alignItems,baseline,baseline,ok
_t,mk-mast-side-0,paddingTop,11px,11px,ok
_t,mk-mast-side-0,paddingBottom,11px,11px,ok
_t,mk-mast-side-1,display,grid,grid,ok
_t,mk-mast-side-1,gridCols,1fr auto,130.641px 178.562px,ok
_t,mk-mast-side-1,columnGap,14px,14px,ok
_t,mk-mast-side-1,alignItems,baseline,baseline,ok
_t,mk-mast-side-1,paddingTop,11px,11px,ok
_t,mk-mast-side-1,paddingBottom,11px,11px,ok
_t,mk-mast-side-1,customDeclarations:border-top,"1px solid rgba(22,24,28,.16)",no computed value,not-comparable
_t,mk-mast-side-2,display,grid,grid,ok
_t,mk-mast-side-2,gridCols,1fr auto,201.203px 108px,ok
_t,mk-mast-side-2,columnGap,14px,14px,ok
_t,mk-mast-side-2,alignItems,baseline,baseline,ok
_t,mk-mast-side-2,paddingTop,11px,11px,ok
_t,mk-mast-side-2,paddingBottom,11px,11px,ok
_t,mk-mast-side-2,customDeclarations:border-top,"1px solid rgba(22,24,28,.16)",no computed value,not-comparable
_t,mk-mast-side-3,display,grid,grid,ok
_t,mk-mast-side-3,gridCols,1fr auto,267.203px 42px,ok
_t,mk-mast-side-3,columnGap,14px,14px,ok
_t,mk-mast-side-3,alignItems,baseline,baseline,ok
_t,mk-mast-side-3,paddingTop,11px,11px,ok
_t,mk-mast-side-3,paddingBottom,11px,11px,ok
_t,mk-mast-side-3,customDeclarations:border-top,"1px solid rgba(22,24,28,.16)",no computed value,not-comparable
_t,mk-mast-side-4,display,grid,grid,ok
_t,mk-mast-side-4,gridCols,1fr auto,245.359px 63.8438px,ok
_t,mk-mast-side-4,columnGap,14px,14px,ok
_t,mk-mast-side-4,alignItems,baseline,baseline,ok
_t,mk-mast-side-4,paddingTop,11px,11px,ok
_t,mk-mast-side-4,paddingBottom,11px,11px,ok
_t,mk-mast-side-4,customDeclarations:border-top,"1px solid rgba(22,24,28,.16)",no computed value,not-comparable
_t,mk-mx-c-0-0,display,flex,flex,ok
_t,mk-mx-c-0-0,justifyContent,center,center,ok
_t,mk-mx-c-0-1,display,flex,flex,ok
_t,mk-mx-c-0-1,justifyContent,center,center,ok
_t,mk-mx-c-0-2,display,flex,flex,ok
_t,mk-mx-c-0-2,justifyContent,center,center,ok
_t,mk-mx-c-1-0,display,flex,flex,ok
_t,mk-mx-c-1-0,justifyContent,center,center,ok
_t,mk-mx-c-1-1,display,flex,flex,ok
_t,mk-mx-c-1-1,justifyContent,center,center,ok
_t,mk-mx-c-1-2,display,flex,flex,ok
_t,mk-mx-c-1-2,justifyContent,center,center,ok
_t,mk-mx-c-2-0,display,flex,flex,ok
_t,mk-mx-c-2-0,justifyContent,center,center,ok
_t,mk-mx-c-2-1,display,flex,flex,ok
_t,mk-mx-c-2-1,justifyContent,center,center,ok
_t,mk-mx-c-2-2,display,flex,flex,ok
_t,mk-mx-c-2-2,justifyContent,center,center,ok
_t,mk-mx-c-3-0,display,flex,flex,ok
_t,mk-mx-c-3-0,justifyContent,center,center,ok
_t,mk-mx-c-3-1,display,flex,flex,ok
_t,mk-mx-c-3-1,justifyContent,center,center,ok
_t,mk-mx-c-3-2,display,flex,flex,ok
_t,mk-mx-c-3-2,justifyContent,center,center,ok
_t,mk-mx-c-4-0,display,flex,flex,ok
_t,mk-mx-c-4-0,justifyContent,center,center,ok
_t,mk-mx-c-4-1,display,flex,flex,ok
_t,mk-mx-c-4-1,justifyContent,center,center,ok
_t,mk-mx-c-4-2,display,flex,flex,ok
_t,mk-mx-c-4-2,justifyContent,center,center,ok
_t,mk-mx-c-5-0,display,flex,flex,ok
_t,mk-mx-c-5-0,justifyContent,center,center,ok
_t,mk-mx-c-5-1,display,flex,flex,ok
_t,mk-mx-c-5-1,justifyContent,center,center,ok
_t,mk-mx-c-5-2,display,flex,flex,ok
_t,mk-mx-c-5-2,justifyContent,center,center,ok
_t,mk-mx-c-6-0,display,flex,flex,ok
_t,mk-mx-c-6-0,justifyContent,center,center,ok
_t,mk-mx-c-6-1,display,flex,flex,ok
_t,mk-mx-c-6-1,justifyContent,center,center,ok
_t,mk-mx-c-6-2,display,flex,flex,ok
_t,mk-mx-c-6-2,justifyContent,center,center,ok
_t,mk-mx-c-7-0,display,flex,flex,ok
_t,mk-mx-c-7-0,justifyContent,center,center,ok
_t,mk-mx-c-7-1,display,flex,flex,ok
_t,mk-mx-c-7-1,justifyContent,center,center,ok
_t,mk-mx-c-7-2,display,flex,flex,ok
_t,mk-mx-c-7-2,justifyContent,center,center,ok
_t,mk-mx-cols,display,grid,grid,ok
_t,mk-mx-cols,gridCols,"1fr repeat(3, 78px)",580px 78px 78px 78px,ok
_t,mk-mx-cols,columnGap,10px,10px,ok
_t,mk-mx-cols,alignItems,end,end,ok
_t,mk-mx-cols,marginTop,26px,26px,ok
_t,mk-mx-cols,paddingBottom,10px,10px,ok
_t,mk-mx-cols,customDeclarations:border-bottom,"1px solid rgba(22,24,28,.42)",no computed value,not-comparable
_t,mk-mx-h-0,display,flex,flex,ok
_t,mk-mx-h-0,justifyContent,center,center,ok
_t,mk-mx-h-1,display,flex,flex,ok
_t,mk-mx-h-1,justifyContent,center,center,ok
_t,mk-mx-h-2,display,flex,flex,ok
_t,mk-mx-h-2,justifyContent,center,center,ok
_t,mk-mx-head,display,flex,flex,ok
_t,mk-mx-head,justifyContent,space-between,space-between,ok
_t,mk-mx-head,columnGap,20px,20px,ok
_t,mk-mx-head,rowGap,8px,8px,ok
_t,mk-mx-head,alignItems,baseline,baseline,ok
_t,mk-mx-head,customDeclarations:flex-wrap,wrap,wrap,ok
_t,mk-mx-in,width,100%,viewport- or parent-relative,not-comparable
_t,mk-mx-in,maxWidth,1240px,1240px,ok
_t,mk-mx-in,marginLeft,auto,auto resolves to a used value (0px),not-comparable
_t,mk-mx-in,marginRight,auto,auto resolves to a used value (0px),not-comparable
_t,mk-mx-n-0,display,flex,flex,ok
_t,mk-mx-n-0,columnGap,12px,12px,ok
_t,mk-mx-n-0,alignItems,baseline,baseline,ok
_t,mk-mx-n-0,rowGap,2px,2px,ok
_t,mk-mx-n-0,customDeclarations:flex-wrap,wrap,wrap,ok
_t,mk-mx-n-1,display,flex,flex,ok
_t,mk-mx-n-1,columnGap,12px,12px,ok
_t,mk-mx-n-1,alignItems,baseline,baseline,ok
_t,mk-mx-n-1,rowGap,2px,2px,ok
_t,mk-mx-n-1,customDeclarations:flex-wrap,wrap,wrap,ok
_t,mk-mx-n-2,display,flex,flex,ok
_t,mk-mx-n-2,columnGap,12px,12px,ok
_t,mk-mx-n-2,alignItems,baseline,baseline,ok
_t,mk-mx-n-2,rowGap,2px,2px,ok
_t,mk-mx-n-2,customDeclarations:flex-wrap,wrap,wrap,ok
_t,mk-mx-n-3,display,flex,flex,ok
_t,mk-mx-n-3,columnGap,12px,12px,ok
_t,mk-mx-n-3,alignItems,baseline,baseline,ok
_t,mk-mx-n-3,rowGap,2px,2px,ok
_t,mk-mx-n-3,customDeclarations:flex-wrap,wrap,wrap,ok
_t,mk-mx-n-4,display,flex,flex,ok
_t,mk-mx-n-4,columnGap,12px,12px,ok
_t,mk-mx-n-4,alignItems,baseline,baseline,ok
_t,mk-mx-n-4,rowGap,2px,2px,ok
_t,mk-mx-n-4,customDeclarations:flex-wrap,wrap,wrap,ok
_t,mk-mx-n-5,display,flex,flex,ok
_t,mk-mx-n-5,columnGap,12px,12px,ok
_t,mk-mx-n-5,alignItems,baseline,baseline,ok
_t,mk-mx-n-5,rowGap,2px,2px,ok
_t,mk-mx-n-5,customDeclarations:flex-wrap,wrap,wrap,ok
_t,mk-mx-n-6,display,flex,flex,ok
_t,mk-mx-n-6,columnGap,12px,12px,ok
_t,mk-mx-n-6,alignItems,baseline,baseline,ok
_t,mk-mx-n-6,rowGap,2px,2px,ok
_t,mk-mx-n-6,customDeclarations:flex-wrap,wrap,wrap,ok
_t,mk-mx-n-7,display,flex,flex,ok
_t,mk-mx-n-7,columnGap,12px,12px,ok
_t,mk-mx-n-7,alignItems,baseline,baseline,ok
_t,mk-mx-n-7,rowGap,2px,2px,ok
_t,mk-mx-n-7,customDeclarations:flex-wrap,wrap,wrap,ok
_t,mk-mx-pad,paddingTop,78px,78px,ok
_t,mk-mx-pad,paddingBottom,78px,78px,ok
_t,mk-mx-r-0,display,grid,grid,ok
_t,mk-mx-r-0,gridCols,"1fr repeat(3, 78px)",580px 78px 78px 78px,ok
_t,mk-mx-r-0,columnGap,10px,10px,ok
_t,mk-mx-r-0,alignItems,center,center,ok
_t,mk-mx-r-0,paddingTop,13px,13px,ok
_t,mk-mx-r-0,paddingBottom,13px,13px,ok
_t,mk-mx-r-0,customDeclarations:border-bottom,"1px solid rgba(22,24,28,.16)",no computed value,not-comparable
_t,mk-mx-r-1,display,grid,grid,ok
_t,mk-mx-r-1,gridCols,"1fr repeat(3, 78px)",580px 78px 78px 78px,ok
_t,mk-mx-r-1,columnGap,10px,10px,ok
_t,mk-mx-r-1,alignItems,center,center,ok
_t,mk-mx-r-1,paddingTop,13px,13px,ok
_t,mk-mx-r-1,paddingBottom,13px,13px,ok
_t,mk-mx-r-1,customDeclarations:border-bottom,"1px solid rgba(22,24,28,.16)",no computed value,not-comparable
_t,mk-mx-r-2,display,grid,grid,ok
_t,mk-mx-r-2,gridCols,"1fr repeat(3, 78px)",580px 78px 78px 78px,ok
_t,mk-mx-r-2,columnGap,10px,10px,ok
_t,mk-mx-r-2,alignItems,center,center,ok
_t,mk-mx-r-2,paddingTop,13px,13px,ok
_t,mk-mx-r-2,paddingBottom,13px,13px,ok
_t,mk-mx-r-2,customDeclarations:border-bottom,"1px solid rgba(22,24,28,.16)",no computed value,not-comparable
_t,mk-mx-r-3,display,grid,grid,ok
_t,mk-mx-r-3,gridCols,"1fr repeat(3, 78px)",580px 78px 78px 78px,ok
_t,mk-mx-r-3,columnGap,10px,10px,ok
_t,mk-mx-r-3,alignItems,center,center,ok
_t,mk-mx-r-3,paddingTop,13px,13px,ok
_t,mk-mx-r-3,paddingBottom,13px,13px,ok
_t,mk-mx-r-3,customDeclarations:border-bottom,"1px solid rgba(22,24,28,.16)",no computed value,not-comparable
_t,mk-mx-r-4,display,grid,grid,ok
_t,mk-mx-r-4,gridCols,"1fr repeat(3, 78px)",580px 78px 78px 78px,ok
_t,mk-mx-r-4,columnGap,10px,10px,ok
_t,mk-mx-r-4,alignItems,center,center,ok
_t,mk-mx-r-4,paddingTop,13px,13px,ok
_t,mk-mx-r-4,paddingBottom,13px,13px,ok
_t,mk-mx-r-4,customDeclarations:border-bottom,"1px solid rgba(22,24,28,.16)",no computed value,not-comparable
_t,mk-mx-r-5,display,grid,grid,ok
_t,mk-mx-r-5,gridCols,"1fr repeat(3, 78px)",580px 78px 78px 78px,ok
_t,mk-mx-r-5,columnGap,10px,10px,ok
_t,mk-mx-r-5,alignItems,center,center,ok
_t,mk-mx-r-5,paddingTop,13px,13px,ok
_t,mk-mx-r-5,paddingBottom,13px,13px,ok
_t,mk-mx-r-5,customDeclarations:border-bottom,"1px solid rgba(22,24,28,.16)",no computed value,not-comparable
_t,mk-mx-r-6,display,grid,grid,ok
_t,mk-mx-r-6,gridCols,"1fr repeat(3, 78px)",580px 78px 78px 78px,ok
_t,mk-mx-r-6,columnGap,10px,10px,ok
_t,mk-mx-r-6,alignItems,center,center,ok
_t,mk-mx-r-6,paddingTop,13px,13px,ok
_t,mk-mx-r-6,paddingBottom,13px,13px,ok
_t,mk-mx-r-6,customDeclarations:border-bottom,"1px solid rgba(22,24,28,.16)",no computed value,not-comparable
_t,mk-mx-r-7,display,grid,grid,ok
_t,mk-mx-r-7,gridCols,"1fr repeat(3, 78px)",580px 78px 78px 78px,ok
_t,mk-mx-r-7,columnGap,10px,10px,ok
_t,mk-mx-r-7,alignItems,center,center,ok
_t,mk-mx-r-7,paddingTop,13px,13px,ok
_t,mk-mx-r-7,paddingBottom,13px,13px,ok
_t,mk-mx-r-7,customDeclarations:border-bottom,"1px solid rgba(22,24,28,.16)",no computed value,not-comparable
_t,mk-pan,backgroundColor,"rgb(255,90,54)","rgb(255, 90, 54)",ok
_t,mk-pan,paddingTop,34px,34px,ok
_t,mk-pan,paddingBottom,34px,34px,ok
_t,mk-pan,customDeclarations:overflow,hidden,no computed value,not-comparable
_t,mk-pan-loop,display,flex,flex,ok
_t,mk-pan-loop,columnGap,56px,56px,ok
_t,mk-pan-loop,alignItems,baseline,baseline,ok
_t,mk-pan-loop,customDeclarations:white-space,nowrap,no computed value,not-comparable
_t,mk-pan-loop,customDeclarations:width,max-content,max-content resolves to a used value (3764.03px),not-comparable
_t,mk-pan-track,customDeclarations:width,max-content,max-content resolves to a used value (3764.03px),not-comparable
_t,mk-plate-in,width,100%,viewport- or parent-relative,not-comparable
_t,mk-plate-in,maxWidth,1240px,1240px,ok
_t,mk-plate-in,marginLeft,auto,auto resolves to a used value (0px),not-comparable
_t,mk-plate-in,marginRight,auto,auto resolves to a used value (0px),not-comparable
_t,mk-plate-pad,paddingTop,104px,104px,ok
_t,mk-plate-pad,paddingBottom,104px,104px,ok
_t,mk-plate-pad,display,grid,grid,ok
_t,mk-plate-pad,gridCols,auto 1fr,102.969px 705.031px,ok
_t,mk-plate-pad,columnGap,36px,36px,ok
_t,mk-plate-pad,alignItems,start,start,ok
_t,mk-plate-sig,marginTop,34px,34px,ok
_t,mk-plate-sig,display,flex,flex,ok
_t,mk-plate-sig,columnGap,12px,12px,ok
_t,mk-plate-sig,alignItems,center,center,ok
_t,mk-proc-0,paddingTop,26px,26px,ok
_t,mk-proc-0,paddingRight,18px,18px,ok
_t,mk-proc-0,customDeclarations:border-top,"1px solid rgba(22,24,28,.16)",no computed value,not-comparable
_t,mk-proc-1,paddingTop,26px,26px,ok
_t,mk-proc-1,paddingRight,18px,18px,ok
_t,mk-proc-1,customDeclarations:border-top,"1px solid rgba(22,24,28,.16)",no computed value,not-comparable
_t,mk-proc-2,paddingTop,26px,26px,ok
_t,mk-proc-2,paddingRight,18px,18px,ok
_t,mk-proc-2,customDeclarations:border-top,"1px solid rgba(22,24,28,.16)",no computed value,not-comparable
_t,mk-proc-3,paddingTop,26px,26px,ok
_t,mk-proc-3,paddingRight,18px,18px,ok
_t,mk-proc-3,customDeclarations:border-top,"1px solid rgba(22,24,28,.16)",no computed value,not-comparable
_t,mk-proc-grid,display,grid,grid,ok
_t,mk-proc-grid,gridCols,"repeat(2, 1fr)",410px 410px,ok
_t,mk-proc-grid,columnGap,24px,24px,ok
_t,mk-proc-grid,rowGap,24px,24px,ok
_t,mk-proc-head,display,grid,grid,ok
_t,mk-proc-head,gridCols,84px 1fr,84px 760px,ok
_t,mk-proc-head,columnGap,0px,0px,ok
_t,mk-proc-head,alignItems,start,start,ok
_t,mk-proc-head,paddingTop,22px,22px,ok
_t,mk-proc-head,customDeclarations:border-top,"1px solid rgba(22,24,28,.16)",no computed value,not-comparable
_t,mk-proc-in,width,100%,viewport- or parent-relative,not-comparable
_t,mk-proc-in,maxWidth,1240px,1240px,ok
_t,mk-proc-in,marginLeft,auto,auto resolves to a used value (0px),not-comparable
_t,mk-proc-in,marginRight,auto,auto resolves to a used value (0px),not-comparable
_t,mk-proc-pad,paddingTop,84px,84px,ok
_t,mk-proc-track,marginTop,52px,52px,ok
_t,mk-prod-0,display,grid,grid,ok
_t,mk-prod-0,gridCols,72px 1fr 1.2fr,72px 334.531px 401.469px,ok
_t,mk-prod-0,columnGap,18px,18px,ok
_t,mk-prod-0,alignItems,start,start,ok
_t,mk-prod-0,paddingTop,26px,26px,ok
_t,mk-prod-0,paddingBottom,26px,26px,ok
_t,mk-prod-0,customDeclarations:border-top,"1px solid rgba(250,250,247,.18)",no computed value,not-comparable
_t,mk-prod-0,rowGap,14px,14px,ok
_t,mk-prod-1,display,grid,grid,ok
_t,mk-prod-1,gridCols,72px 1fr 1.2fr,72px 334.531px 401.469px,ok
_t,mk-prod-1,columnGap,18px,18px,ok
_t,mk-prod-1,alignItems,start,start,ok
_t,mk-prod-1,paddingTop,26px,26px,ok
_t,mk-prod-1,paddingBottom,26px,26px,ok
_t,mk-prod-1,customDeclarations:border-top,"1px solid rgba(250,250,247,.18)",no computed value,not-comparable
_t,mk-prod-1,rowGap,14px,14px,ok
_t,mk-prod-head,display,grid,grid,ok
_t,mk-prod-head,gridCols,84px 1fr,84px 760px,ok
_t,mk-prod-head,columnGap,0px,0px,ok
_t,mk-prod-head,alignItems,start,start,ok
_t,mk-prod-head,paddingTop,22px,22px,ok
_t,mk-prod-head,customDeclarations:border-top,"1px solid rgba(250,250,247,.18)",no computed value,not-comparable
_t,mk-prod-in,width,100%,viewport- or parent-relative,not-comparable
_t,mk-prod-in,maxWidth,1240px,1240px,ok
_t,mk-prod-in,marginLeft,auto,auto resolves to a used value (0px),not-comparable
_t,mk-prod-in,marginRight,auto,auto resolves to a used value (0px),not-comparable
_t,mk-prod-list,marginTop,40px,40px,ok
_t,mk-prod-pad,paddingTop,80px,80px,ok
_t,mk-prod-pad,paddingBottom,80px,80px,ok
_t,mk-prod-s-0,marginTop,14px,14px,ok
_t,mk-prod-s-0,customDeclarations:border,"1px solid rgba(255,90,54,.6)",no computed value,not-comparable
_t,mk-prod-s-0,customDeclarations:padding,5px 10px,no computed value,not-comparable
_t,mk-prod-s-0,customDeclarations:display,inline-block,inline-block,ok
_t,mk-prod-s-0,customDeclarations:width,max-content,max-content resolves to a used value (99.7656px),not-comparable
_t,mk-prod-s-1,marginTop,14px,14px,ok
_t,mk-prod-s-1,customDeclarations:border,"1px solid rgba(255,90,54,.6)",no computed value,not-comparable
_t,mk-prod-s-1,customDeclarations:padding,5px 10px,no computed value,not-comparable
_t,mk-prod-s-1,customDeclarations:display,inline-block,inline-block,ok
_t,mk-prod-s-1,customDeclarations:width,max-content,max-content resolves to a used value (82.4844px),not-comparable
_t,mk-spec,display,grid,grid,ok
_t,mk-spec,gridCols,"repeat(2, 1fr)",422px 422px,ok
_t,mk-spec,columnGap,0px,0px,ok
_t,mk-spec,rowGap,0px,0px,ok
_t,mk-spec,paddingTop,22px,22px,ok
_t,mk-spec,paddingBottom,58px,58px,ok
_t,mk-spec-0,paddingRight,22px,22px,ok
_t,mk-spec-0,paddingLeft,0px,0px,ok
_t,mk-spec-0,customDeclarations:border-left,0,no computed value,not-comparable
_t,mk-spec-0,customDeclarations:border-top,0,no computed value,not-comparable
_t,mk-spec-0,paddingTop,18px,18px,ok
_t,mk-spec-0,paddingBottom,18px,18px,ok
_t,mk-spec-1,paddingRight,22px,22px,ok
_t,mk-spec-1,paddingLeft,18px,18px,ok
_t,mk-spec-1,customDeclarations:border-left,"1px solid rgba(22,24,28,.16)",no computed value,not-comparable
_t,mk-spec-1,customDeclarations:border-top,0,no computed value,not-comparable
_t,mk-spec-1,paddingTop,18px,18px,ok
_t,mk-spec-1,paddingBottom,18px,18px,ok
_t,mk-spec-2,paddingRight,22px,22px,ok
_t,mk-spec-2,paddingLeft,0px,0px,ok
_t,mk-spec-2,customDeclarations:border-left,0,no computed value,not-comparable
_t,mk-spec-2,customDeclarations:border-top,"1px solid rgba(22,24,28,.16)",no computed value,not-comparable
_t,mk-spec-2,paddingTop,18px,18px,ok
_t,mk-spec-2,paddingBottom,18px,18px,ok
_t,mk-spec-3,paddingRight,22px,22px,ok
_t,mk-spec-3,paddingLeft,18px,18px,ok
_t,mk-spec-3,customDeclarations:border-left,"1px solid rgba(22,24,28,.16)",no computed value,not-comparable
_t,mk-spec-3,customDeclarations:border-top,"1px solid rgba(22,24,28,.16)",no computed value,not-comparable
_t,mk-spec-3,paddingTop,18px,18px,ok
_t,mk-spec-3,paddingBottom,18px,18px,ok
_t,mk-spec-n-0,display,flex,flex,ok
_t,mk-spec-n-0,alignItems,baseline,baseline,ok
_t,mk-spec-n-0,columnGap,3px,3px,ok
_t,mk-spec-n-0,marginTop,12px,12px,ok
_t,mk-spec-n-1,display,flex,flex,ok
_t,mk-spec-n-1,alignItems,baseline,baseline,ok
_t,mk-spec-n-1,columnGap,3px,3px,ok
_t,mk-spec-n-1,marginTop,12px,12px,ok
_t,mk-spec-n-2,display,flex,flex,ok
_t,mk-spec-n-2,alignItems,baseline,baseline,ok
_t,mk-spec-n-2,columnGap,3px,3px,ok
_t,mk-spec-n-2,marginTop,12px,12px,ok
_t,mk-spec-n-3,display,flex,flex,ok
_t,mk-spec-n-3,alignItems,baseline,baseline,ok
_t,mk-spec-n-3,columnGap,3px,3px,ok
_t,mk-spec-n-3,marginTop,12px,12px,ok
_t,mk-spec-rule,marginTop,56px,56px,ok
_t,mk-spec2-head,display,flex,flex,ok
_t,mk-spec2-head,justifyContent,space-between,space-between,ok
_t,mk-spec2-head,columnGap,20px,20px,ok
_t,mk-spec2-head,rowGap,8px,8px,ok
_t,mk-spec2-head,customDeclarations:flex-wrap,wrap,wrap,ok
_t,mk-spec2-in,width,100%,viewport- or parent-relative,not-comparable
_t,mk-spec2-in,maxWidth,1240px,1240px,ok
_t,mk-spec2-in,marginLeft,auto,auto resolves to a used value (0px),not-comparable
_t,mk-spec2-in,marginRight,auto,auto resolves to a used value (0px),not-comparable
_t,mk-spec2-pad,paddingTop,88px,88px,ok
_t,mk-spec2-pad,paddingBottom,88px,88px,ok
_t,mk-spec2-r-0,display,grid,grid,ok
_t,mk-spec2-r-0,gridCols,1fr auto,615.359px 200.641px,ok
_t,mk-spec2-r-0,columnGap,28px,28px,ok
_t,mk-spec2-r-0,alignItems,baseline,baseline,ok
_t,mk-spec2-r-0,paddingTop,20px,20px,ok
_t,mk-spec2-r-0,paddingBottom,20px,20px,ok
_t,mk-spec2-r-0,customDeclarations:border-top,"1px solid rgba(250,250,247,.18)",no computed value,not-comparable
_t,mk-spec2-r-1,display,grid,grid,ok
_t,mk-spec2-r-1,gridCols,1fr auto,624.469px 191.531px,ok
_t,mk-spec2-r-1,columnGap,28px,28px,ok
_t,mk-spec2-r-1,alignItems,baseline,baseline,ok
_t,mk-spec2-r-1,paddingTop,20px,20px,ok
_t,mk-spec2-r-1,paddingBottom,20px,20px,ok
_t,mk-spec2-r-1,customDeclarations:border-top,"1px solid rgba(250,250,247,.18)",no computed value,not-comparable
_t,mk-spec2-r-2,display,grid,grid,ok
_t,mk-spec2-r-2,gridCols,1fr auto,615.359px 200.641px,ok
_t,mk-spec2-r-2,columnGap,28px,28px,ok
_t,mk-spec2-r-2,alignItems,baseline,baseline,ok
_t,mk-spec2-r-2,paddingTop,20px,20px,ok
_t,mk-spec2-r-2,paddingBottom,20px,20px,ok
_t,mk-spec2-r-2,customDeclarations:border-top,"1px solid rgba(250,250,247,.18)",no computed value,not-comparable
_t,mk-spec2-r-3,display,grid,grid,ok
_t,mk-spec2-r-3,gridCols,1fr auto,615.359px 200.641px,ok
_t,mk-spec2-r-3,columnGap,28px,28px,ok
_t,mk-spec2-r-3,alignItems,baseline,baseline,ok
_t,mk-spec2-r-3,paddingTop,20px,20px,ok
_t,mk-spec2-r-3,paddingBottom,20px,20px,ok
_t,mk-spec2-r-3,customDeclarations:border-top,"1px solid rgba(250,250,247,.18)",no computed value,not-comparable
_t,mk-spec2-rows,marginTop,40px,40px,ok
_t,mk-stack-0,display,grid,grid,ok
_t,mk-stack-0,gridCols,160px 1fr,160px 660px,ok
_t,mk-stack-0,columnGap,24px,24px,ok
_t,mk-stack-0,alignItems,baseline,baseline,ok
_t,mk-stack-0,paddingTop,18px,18px,ok
_t,mk-stack-0,paddingBottom,18px,18px,ok
_t,mk-stack-0,customDeclarations:border-top,"1px solid rgba(22,24,28,.16)",no computed value,not-comparable
_t,mk-stack-0,customDeclarations:animation,mk-rise both,no computed value,not-comparable
_t,mk-stack-0,customDeclarations:animation-timeline,view(),view(),ok
_t,mk-stack-0,customDeclarations:animation-range,entry 2% cover 18%,no computed value,not-comparable
_t,mk-stack-1,display,grid,grid,ok
_t,mk-stack-1,gridCols,160px 1fr,160px 660px,ok
_t,mk-stack-1,columnGap,24px,24px,ok
_t,mk-stack-1,alignItems,baseline,baseline,ok
_t,mk-stack-1,paddingTop,18px,18px,ok
_t,mk-stack-1,paddingBottom,18px,18px,ok
_t,mk-stack-1,customDeclarations:border-top,"1px solid rgba(22,24,28,.16)",no computed value,not-comparable
_t,mk-stack-1,customDeclarations:animation,mk-rise both,no computed value,not-comparable
_t,mk-stack-1,customDeclarations:animation-timeline,view(),view(),ok
_t,mk-stack-1,customDeclarations:animation-range,entry 6% cover 22%,no computed value,not-comparable
_t,mk-stack-2,display,grid,grid,ok
_t,mk-stack-2,gridCols,160px 1fr,160px 660px,ok
_t,mk-stack-2,columnGap,24px,24px,ok
_t,mk-stack-2,alignItems,baseline,baseline,ok
_t,mk-stack-2,paddingTop,18px,18px,ok
_t,mk-stack-2,paddingBottom,18px,18px,ok
_t,mk-stack-2,customDeclarations:border-top,"1px solid rgba(22,24,28,.16)",no computed value,not-comparable
_t,mk-stack-2,customDeclarations:animation,mk-rise both,no computed value,not-comparable
_t,mk-stack-2,customDeclarations:animation-timeline,view(),view(),ok
_t,mk-stack-2,customDeclarations:animation-range,entry 10% cover 26%,no computed value,not-comparable
_t,mk-stack-3,display,grid,grid,ok
_t,mk-stack-3,gridCols,160px 1fr,160px 660px,ok
_t,mk-stack-3,columnGap,24px,24px,ok
_t,mk-stack-3,alignItems,baseline,baseline,ok
_t,mk-stack-3,paddingTop,18px,18px,ok
_t,mk-stack-3,paddingBottom,18px,18px,ok
_t,mk-stack-3,customDeclarations:border-top,"1px solid rgba(22,24,28,.16)",no computed value,not-comparable
_t,mk-stack-3,customDeclarations:animation,mk-rise both,no computed value,not-comparable
_t,mk-stack-3,customDeclarations:animation-timeline,view(),view(),ok
_t,mk-stack-3,customDeclarations:animation-range,entry 14% cover 30%,no computed value,not-comparable
_t,mk-stack-4,display,grid,grid,ok
_t,mk-stack-4,gridCols,160px 1fr,160px 660px,ok
_t,mk-stack-4,columnGap,24px,24px,ok
_t,mk-stack-4,alignItems,baseline,baseline,ok
_t,mk-stack-4,paddingTop,18px,18px,ok
_t,mk-stack-4,paddingBottom,18px,18px,ok
_t,mk-stack-4,customDeclarations:border-top,"1px solid rgba(22,24,28,.16)",no computed value,not-comparable
_t,mk-stack-4,customDeclarations:animation,mk-rise both,no computed value,not-comparable
_t,mk-stack-4,customDeclarations:animation-timeline,view(),view(),ok
_t,mk-stack-4,customDeclarations:animation-range,entry 18% cover 34%,no computed value,not-comparable
_t,mk-stack-5,display,grid,grid,ok
_t,mk-stack-5,gridCols,160px 1fr,160px 660px,ok
_t,mk-stack-5,columnGap,24px,24px,ok
_t,mk-stack-5,alignItems,baseline,baseline,ok
_t,mk-stack-5,paddingTop,18px,18px,ok
_t,mk-stack-5,paddingBottom,18px,18px,ok
_t,mk-stack-5,customDeclarations:border-top,"1px solid rgba(22,24,28,.16)",no computed value,not-comparable
_t,mk-stack-5,customDeclarations:animation,mk-rise both,no computed value,not-comparable
_t,mk-stack-5,customDeclarations:animation-timeline,view(),view(),ok
_t,mk-stack-5,customDeclarations:animation-range,entry 22% cover 38%,no computed value,not-comparable
_t,mk-stack-6,display,grid,grid,ok
_t,mk-stack-6,gridCols,160px 1fr,160px 660px,ok
_t,mk-stack-6,columnGap,24px,24px,ok
_t,mk-stack-6,alignItems,baseline,baseline,ok
_t,mk-stack-6,paddingTop,18px,18px,ok
_t,mk-stack-6,paddingBottom,18px,18px,ok
_t,mk-stack-6,customDeclarations:border-top,"1px solid rgba(22,24,28,.16)",no computed value,not-comparable
_t,mk-stack-6,customDeclarations:animation,mk-rise both,no computed value,not-comparable
_t,mk-stack-6,customDeclarations:animation-timeline,view(),view(),ok
_t,mk-stack-6,customDeclarations:animation-range,entry 26% cover 42%,no computed value,not-comparable
_t,mk-stack-7,display,grid,grid,ok
_t,mk-stack-7,gridCols,160px 1fr,160px 660px,ok
_t,mk-stack-7,columnGap,24px,24px,ok
_t,mk-stack-7,alignItems,baseline,baseline,ok
_t,mk-stack-7,paddingTop,18px,18px,ok
_t,mk-stack-7,paddingBottom,18px,18px,ok
_t,mk-stack-7,customDeclarations:border-top,"1px solid rgba(22,24,28,.16)",no computed value,not-comparable
_t,mk-stack-7,customDeclarations:animation,mk-rise both,no computed value,not-comparable
_t,mk-stack-7,customDeclarations:animation-timeline,view(),view(),ok
_t,mk-stack-7,customDeclarations:animation-range,entry 30% cover 46%,no computed value,not-comparable
_t,mk-stack-head,display,grid,grid,ok
_t,mk-stack-head,gridCols,84px 1fr,84px 760px,ok
_t,mk-stack-head,columnGap,0px,0px,ok
_t,mk-stack-head,alignItems,start,start,ok
_t,mk-stack-head,paddingTop,22px,22px,ok
_t,mk-stack-head,customDeclarations:border-top,"1px solid rgba(22,24,28,.16)",no computed value,not-comparable
_t,mk-stack-in,width,100%,viewport- or parent-relative,not-comparable
_t,mk-stack-in,maxWidth,1240px,1240px,ok
_t,mk-stack-in,marginLeft,auto,auto resolves to a used value (0px),not-comparable
_t,mk-stack-in,marginRight,auto,auto resolves to a used value (0px),not-comparable
_t,mk-stack-list,marginTop,44px,44px,ok
_t,mk-stack-pad,paddingTop,84px,84px,ok
_t,mk-stack-tags-0,display,flex,flex,ok
_t,mk-stack-tags-0,columnGap,8px,8px,ok
_t,mk-stack-tags-0,rowGap,8px,8px,ok
_t,mk-stack-tags-0,customDeclarations:flex-wrap,wrap,wrap,ok
_t,mk-stack-tags-1,display,flex,flex,ok
_t,mk-stack-tags-1,columnGap,8px,8px,ok
_t,mk-stack-tags-1,rowGap,8px,8px,ok
_t,mk-stack-tags-1,customDeclarations:flex-wrap,wrap,wrap,ok
_t,mk-stack-tags-2,display,flex,flex,ok
_t,mk-stack-tags-2,columnGap,8px,8px,ok
_t,mk-stack-tags-2,rowGap,8px,8px,ok
_t,mk-stack-tags-2,customDeclarations:flex-wrap,wrap,wrap,ok
_t,mk-stack-tags-3,display,flex,flex,ok
_t,mk-stack-tags-3,columnGap,8px,8px,ok
_t,mk-stack-tags-3,rowGap,8px,8px,ok
_t,mk-stack-tags-3,customDeclarations:flex-wrap,wrap,wrap,ok
_t,mk-stack-tags-4,display,flex,flex,ok
_t,mk-stack-tags-4,columnGap,8px,8px,ok
_t,mk-stack-tags-4,rowGap,8px,8px,ok
_t,mk-stack-tags-4,customDeclarations:flex-wrap,wrap,wrap,ok
_t,mk-stack-tags-5,display,flex,flex,ok
_t,mk-stack-tags-5,columnGap,8px,8px,ok
_t,mk-stack-tags-5,rowGap,8px,8px,ok
_t,mk-stack-tags-5,customDeclarations:flex-wrap,wrap,wrap,ok
_t,mk-stack-tags-6,display,flex,flex,ok
_t,mk-stack-tags-6,columnGap,8px,8px,ok
_t,mk-stack-tags-6,rowGap,8px,8px,ok
_t,mk-stack-tags-6,customDeclarations:flex-wrap,wrap,wrap,ok
_t,mk-stack-tags-7,display,flex,flex,ok
_t,mk-stack-tags-7,columnGap,8px,8px,ok
_t,mk-stack-tags-7,rowGap,8px,8px,ok
_t,mk-stack-tags-7,customDeclarations:flex-wrap,wrap,wrap,ok
_t,mk-svc-0-svc-body,color,"rgb(90,92,97)","rgb(90, 92, 97)",ok
_t,mk-svc-0-svc-body,fontSize,13px,13px,ok
_t,mk-svc-0-svc-body,lineHeight,2,26px,ok
_t,mk-svc-0-svc-en,color,"rgb(191,68,40)","rgb(191, 68, 40)",ok
_t,mk-svc-0-svc-en,fontSize,10px,10px,ok
_t,mk-svc-0-svc-en,fontFamily,"'IBM Plex Mono',ui-monospace,SFMono-Regular,Menlo,Consolas,monospace","""IBM Plex Mono"", ui-monospace, SFMono-Regular, Menlo, Consolas, monospace",ok
_t,mk-svc-0-svc-en,letterSpacing,0.16em,1.6px,ok
_t,mk-svc-0-svc-num,color,"rgb(107,109,113)","rgb(107, 109, 113)",ok
_t,mk-svc-0-svc-num,fontSize,12px,12px,ok
_t,mk-svc-0-svc-num,fontFamily,"'IBM Plex Mono',ui-monospace,SFMono-Regular,Menlo,Consolas,monospace","""IBM Plex Mono"", ui-monospace, SFMono-Regular, Menlo, Consolas, monospace",ok
_t,mk-svc-0-svc-num,letterSpacing,0.06em,0.72px,ok
_t,mk-svc-0-svc-row,display,grid,grid,ok
_t,mk-svc-0-svc-row,gridCols,72px 1fr 1.2fr,72px 334.531px 401.469px,ok
_t,mk-svc-0-svc-row,columnGap,18px,18px,ok
_t,mk-svc-0-svc-row,alignItems,start,start,ok
_t,mk-svc-0-svc-row,paddingTop,26px,26px,ok
_t,mk-svc-0-svc-row,paddingBottom,26px,26px,ok
_t,mk-svc-0-svc-row,customDeclarations:border-top,"1px solid rgba(22,24,28,.16)",no computed value,not-comparable
_t,mk-svc-0-svc-zh,color,"rgb(22,24,28)","rgb(22, 24, 28)",ok
_t,mk-svc-0-svc-zh,fontSize,19px,19px,ok
_t,mk-svc-0-svc-zh,fontWeight,500,500,ok
_t,mk-svc-0-svc-zh,marginTop,9px,9px,ok
_t,mk-svc-0-svc-zh,fontFamily,"'Noto Sans TC','PingFang TC','Hiragino Sans TC','Microsoft JhengHei',sans-serif","""Noto Sans TC"", ""PingFang TC"", ""Hiragino Sans TC"", ""Microsoft JhengHei"", sans-serif",ok
_t,mk-svc-0-svc-zh,letterSpacing,0.01em,0.19px,ok
_t,mk-svc-1-svc-body,color,"rgb(90,92,97)","rgb(90, 92, 97)",ok
_t,mk-svc-1-svc-body,fontSize,13px,13px,ok
_t,mk-svc-1-svc-body,lineHeight,2,26px,ok
_t,mk-svc-1-svc-en,color,"rgb(191,68,40)","rgb(191, 68, 40)",ok
_t,mk-svc-1-svc-en,fontSize,10px,10px,ok
_t,mk-svc-1-svc-en,fontFamily,"'IBM Plex Mono',ui-monospace,SFMono-Regular,Menlo,Consolas,monospace","""IBM Plex Mono"", ui-monospace, SFMono-Regular, Menlo, Consolas, monospace",ok
_t,mk-svc-1-svc-en,letterSpacing,0.16em,1.6px,ok
_t,mk-svc-1-svc-num,color,"rgb(107,109,113)","rgb(107, 109, 113)",ok
_t,mk-svc-1-svc-num,fontSize,12px,12px,ok
_t,mk-svc-1-svc-num,fontFamily,"'IBM Plex Mono',ui-monospace,SFMono-Regular,Menlo,Consolas,monospace","""IBM Plex Mono"", ui-monospace, SFMono-Regular, Menlo, Consolas, monospace",ok
_t,mk-svc-1-svc-num,letterSpacing,0.06em,0.72px,ok
_t,mk-svc-1-svc-row,display,grid,grid,ok
_t,mk-svc-1-svc-row,gridCols,72px 1fr 1.2fr,72px 334.531px 401.469px,ok
_t,mk-svc-1-svc-row,columnGap,18px,18px,ok
_t,mk-svc-1-svc-row,alignItems,start,start,ok
_t,mk-svc-1-svc-row,paddingTop,26px,26px,ok
_t,mk-svc-1-svc-row,paddingBottom,26px,26px,ok
_t,mk-svc-1-svc-row,customDeclarations:border-top,"1px solid rgba(22,24,28,.16)",no computed value,not-comparable
_t,mk-svc-1-svc-zh,color,"rgb(22,24,28)","rgb(22, 24, 28)",ok
_t,mk-svc-1-svc-zh,fontSize,19px,19px,ok
_t,mk-svc-1-svc-zh,fontWeight,500,500,ok
_t,mk-svc-1-svc-zh,marginTop,9px,9px,ok
_t,mk-svc-1-svc-zh,fontFamily,"'Noto Sans TC','PingFang TC','Hiragino Sans TC','Microsoft JhengHei',sans-serif","""Noto Sans TC"", ""PingFang TC"", ""Hiragino Sans TC"", ""Microsoft JhengHei"", sans-serif",ok
_t,mk-svc-1-svc-zh,letterSpacing,0.01em,0.19px,ok
_t,mk-svc-2-svc-body,color,"rgb(90,92,97)","rgb(90, 92, 97)",ok
_t,mk-svc-2-svc-body,fontSize,13px,13px,ok
_t,mk-svc-2-svc-body,lineHeight,2,26px,ok
_t,mk-svc-2-svc-en,color,"rgb(191,68,40)","rgb(191, 68, 40)",ok
_t,mk-svc-2-svc-en,fontSize,10px,10px,ok
_t,mk-svc-2-svc-en,fontFamily,"'IBM Plex Mono',ui-monospace,SFMono-Regular,Menlo,Consolas,monospace","""IBM Plex Mono"", ui-monospace, SFMono-Regular, Menlo, Consolas, monospace",ok
_t,mk-svc-2-svc-en,letterSpacing,0.16em,1.6px,ok
_t,mk-svc-2-svc-num,color,"rgb(107,109,113)","rgb(107, 109, 113)",ok
_t,mk-svc-2-svc-num,fontSize,12px,12px,ok
_t,mk-svc-2-svc-num,fontFamily,"'IBM Plex Mono',ui-monospace,SFMono-Regular,Menlo,Consolas,monospace","""IBM Plex Mono"", ui-monospace, SFMono-Regular, Menlo, Consolas, monospace",ok
_t,mk-svc-2-svc-num,letterSpacing,0.06em,0.72px,ok
_t,mk-svc-2-svc-row,display,grid,grid,ok
_t,mk-svc-2-svc-row,gridCols,72px 1fr 1.2fr,72px 334.531px 401.469px,ok
_t,mk-svc-2-svc-row,columnGap,18px,18px,ok
_t,mk-svc-2-svc-row,alignItems,start,start,ok
_t,mk-svc-2-svc-row,paddingTop,26px,26px,ok
_t,mk-svc-2-svc-row,paddingBottom,26px,26px,ok
_t,mk-svc-2-svc-row,customDeclarations:border-top,"1px solid rgba(22,24,28,.16)",no computed value,not-comparable
_t,mk-svc-2-svc-zh,color,"rgb(22,24,28)","rgb(22, 24, 28)",ok
_t,mk-svc-2-svc-zh,fontSize,19px,19px,ok
_t,mk-svc-2-svc-zh,fontWeight,500,500,ok
_t,mk-svc-2-svc-zh,marginTop,9px,9px,ok
_t,mk-svc-2-svc-zh,fontFamily,"'Noto Sans TC','PingFang TC','Hiragino Sans TC','Microsoft JhengHei',sans-serif","""Noto Sans TC"", ""PingFang TC"", ""Hiragino Sans TC"", ""Microsoft JhengHei"", sans-serif",ok
_t,mk-svc-2-svc-zh,letterSpacing,0.01em,0.19px,ok
_t,mk-svc-3-svc-body,color,"rgb(90,92,97)","rgb(90, 92, 97)",ok
_t,mk-svc-3-svc-body,fontSize,13px,13px,ok
_t,mk-svc-3-svc-body,lineHeight,2,26px,ok
_t,mk-svc-3-svc-en,color,"rgb(191,68,40)","rgb(191, 68, 40)",ok
_t,mk-svc-3-svc-en,fontSize,10px,10px,ok
_t,mk-svc-3-svc-en,fontFamily,"'IBM Plex Mono',ui-monospace,SFMono-Regular,Menlo,Consolas,monospace","""IBM Plex Mono"", ui-monospace, SFMono-Regular, Menlo, Consolas, monospace",ok
_t,mk-svc-3-svc-en,letterSpacing,0.16em,1.6px,ok
_t,mk-svc-3-svc-num,color,"rgb(107,109,113)","rgb(107, 109, 113)",ok
_t,mk-svc-3-svc-num,fontSize,12px,12px,ok
_t,mk-svc-3-svc-num,fontFamily,"'IBM Plex Mono',ui-monospace,SFMono-Regular,Menlo,Consolas,monospace","""IBM Plex Mono"", ui-monospace, SFMono-Regular, Menlo, Consolas, monospace",ok
_t,mk-svc-3-svc-num,letterSpacing,0.06em,0.72px,ok
_t,mk-svc-3-svc-row,display,grid,grid,ok
_t,mk-svc-3-svc-row,gridCols,72px 1fr 1.2fr,72px 334.531px 401.469px,ok
_t,mk-svc-3-svc-row,columnGap,18px,18px,ok
_t,mk-svc-3-svc-row,alignItems,start,start,ok
_t,mk-svc-3-svc-row,paddingTop,26px,26px,ok
_t,mk-svc-3-svc-row,paddingBottom,26px,26px,ok
_t,mk-svc-3-svc-row,customDeclarations:border-top,"1px solid rgba(22,24,28,.16)",no computed value,not-comparable
_t,mk-svc-3-svc-zh,color,"rgb(22,24,28)","rgb(22, 24, 28)",ok
_t,mk-svc-3-svc-zh,fontSize,19px,19px,ok
_t,mk-svc-3-svc-zh,fontWeight,500,500,ok
_t,mk-svc-3-svc-zh,marginTop,9px,9px,ok
_t,mk-svc-3-svc-zh,fontFamily,"'Noto Sans TC','PingFang TC','Hiragino Sans TC','Microsoft JhengHei',sans-serif","""Noto Sans TC"", ""PingFang TC"", ""Hiragino Sans TC"", ""Microsoft JhengHei"", sans-serif",ok
_t,mk-svc-3-svc-zh,letterSpacing,0.01em,0.19px,ok
_t,mk-svc-head,display,grid,grid,ok
_t,mk-svc-head,gridCols,84px 1fr,84px 760px,ok
_t,mk-svc-head,columnGap,0px,0px,ok
_t,mk-svc-head,alignItems,start,start,ok
_t,mk-svc-head,paddingTop,22px,22px,ok
_t,mk-svc-head,customDeclarations:border-top,"1px solid rgba(22,24,28,.16)",no computed value,not-comparable
_t,mk-svc-in,width,100%,viewport- or parent-relative,not-comparable
_t,mk-svc-in,maxWidth,1240px,1240px,ok
_t,mk-svc-in,marginLeft,auto,auto resolves to a used value (0px),not-comparable
_t,mk-svc-in,marginRight,auto,auto resolves to a used value (0px),not-comparable
_t,mk-svc-list,marginTop,44px,44px,ok
_t,mk-svc-pad,paddingTop,84px,84px,ok
_t,mk-tag-0-0,customDeclarations:border,"1px solid rgba(22,24,28,.16)",no computed value,not-comparable
_t,mk-tag-0-0,customDeclarations:padding,5px 10px,no computed value,not-comparable
_t,mk-tag-0-0,customDeclarations:transition,"border-color .2s ease,color .2s ease",composite or raw value,not-comparable
_t,mk-tag-0-1,customDeclarations:border,"1px solid rgba(22,24,28,.16)",no computed value,not-comparable
_t,mk-tag-0-1,customDeclarations:padding,5px 10px,no computed value,not-comparable
_t,mk-tag-0-1,customDeclarations:transition,"border-color .2s ease,color .2s ease",composite or raw value,not-comparable
_t,mk-tag-0-2,customDeclarations:border,"1px solid rgba(22,24,28,.16)",no computed value,not-comparable
_t,mk-tag-0-2,customDeclarations:padding,5px 10px,no computed value,not-comparable
_t,mk-tag-0-2,customDeclarations:transition,"border-color .2s ease,color .2s ease",composite or raw value,not-comparable
_t,mk-tag-0-3,customDeclarations:border,"1px solid rgba(22,24,28,.16)",no computed value,not-comparable
_t,mk-tag-0-3,customDeclarations:padding,5px 10px,no computed value,not-comparable
_t,mk-tag-0-3,customDeclarations:transition,"border-color .2s ease,color .2s ease",composite or raw value,not-comparable
_t,mk-tag-0-4,customDeclarations:border,"1px solid rgba(22,24,28,.16)",no computed value,not-comparable
_t,mk-tag-0-4,customDeclarations:padding,5px 10px,no computed value,not-comparable
_t,mk-tag-0-4,customDeclarations:transition,"border-color .2s ease,color .2s ease",composite or raw value,not-comparable
_t,mk-tag-1-0,customDeclarations:border,"1px solid rgba(22,24,28,.16)",no computed value,not-comparable
_t,mk-tag-1-0,customDeclarations:padding,5px 10px,no computed value,not-comparable
_t,mk-tag-1-0,customDeclarations:transition,"border-color .2s ease,color .2s ease",composite or raw value,not-comparable
_t,mk-tag-1-1,customDeclarations:border,"1px solid rgba(22,24,28,.16)",no computed value,not-comparable
_t,mk-tag-1-1,customDeclarations:padding,5px 10px,no computed value,not-comparable
_t,mk-tag-1-1,customDeclarations:transition,"border-color .2s ease,color .2s ease",composite or raw value,not-comparable
_t,mk-tag-1-2,customDeclarations:border,"1px solid rgba(22,24,28,.16)",no computed value,not-comparable
_t,mk-tag-1-2,customDeclarations:padding,5px 10px,no computed value,not-comparable
_t,mk-tag-1-2,customDeclarations:transition,"border-color .2s ease,color .2s ease",composite or raw value,not-comparable
_t,mk-tag-1-3,customDeclarations:border,"1px solid rgba(22,24,28,.16)",no computed value,not-comparable
_t,mk-tag-1-3,customDeclarations:padding,5px 10px,no computed value,not-comparable
_t,mk-tag-1-3,customDeclarations:transition,"border-color .2s ease,color .2s ease",composite or raw value,not-comparable
_t,mk-tag-2-0,customDeclarations:border,"1px solid rgba(22,24,28,.16)",no computed value,not-comparable
_t,mk-tag-2-0,customDeclarations:padding,5px 10px,no computed value,not-comparable
_t,mk-tag-2-0,customDeclarations:transition,"border-color .2s ease,color .2s ease",composite or raw value,not-comparable
_t,mk-tag-2-1,customDeclarations:border,"1px solid rgba(22,24,28,.16)",no computed value,not-comparable
_t,mk-tag-2-1,customDeclarations:padding,5px 10px,no computed value,not-comparable
_t,mk-tag-2-1,customDeclarations:transition,"border-color .2s ease,color .2s ease",composite or raw value,not-comparable
_t,mk-tag-2-2,customDeclarations:border,"1px solid rgba(22,24,28,.16)",no computed value,not-comparable
_t,mk-tag-2-2,customDeclarations:padding,5px 10px,no computed value,not-comparable
_t,mk-tag-2-2,customDeclarations:transition,"border-color .2s ease,color .2s ease",composite or raw value,not-comparable
_t,mk-tag-2-3,customDeclarations:border,"1px solid rgba(22,24,28,.16)",no computed value,not-comparable
_t,mk-tag-2-3,customDeclarations:padding,5px 10px,no computed value,not-comparable
_t,mk-tag-2-3,customDeclarations:transition,"border-color .2s ease,color .2s ease",composite or raw value,not-comparable
_t,mk-tag-2-4,customDeclarations:border,"1px solid rgba(22,24,28,.16)",no computed value,not-comparable
_t,mk-tag-2-4,customDeclarations:padding,5px 10px,no computed value,not-comparable
_t,mk-tag-2-4,customDeclarations:transition,"border-color .2s ease,color .2s ease",composite or raw value,not-comparable
_t,mk-tag-3-0,customDeclarations:border,"1px solid rgba(22,24,28,.16)",no computed value,not-comparable
_t,mk-tag-3-0,customDeclarations:padding,5px 10px,no computed value,not-comparable
_t,mk-tag-3-0,customDeclarations:transition,"border-color .2s ease,color .2s ease",composite or raw value,not-comparable
_t,mk-tag-3-1,customDeclarations:border,"1px solid rgba(22,24,28,.16)",no computed value,not-comparable
_t,mk-tag-3-1,customDeclarations:padding,5px 10px,no computed value,not-comparable
_t,mk-tag-3-1,customDeclarations:transition,"border-color .2s ease,color .2s ease",composite or raw value,not-comparable
_t,mk-tag-3-2,customDeclarations:border,"1px solid rgba(22,24,28,.16)",no computed value,not-comparable
_t,mk-tag-3-2,customDeclarations:padding,5px 10px,no computed value,not-comparable
_t,mk-tag-3-2,customDeclarations:transition,"border-color .2s ease,color .2s ease",composite or raw value,not-comparable
_t,mk-tag-3-3,customDeclarations:border,"1px solid rgba(22,24,28,.16)",no computed value,not-comparable
_t,mk-tag-3-3,customDeclarations:padding,5px 10px,no computed value,not-comparable
_t,mk-tag-3-3,customDeclarations:transition,"border-color .2s ease,color .2s ease",composite or raw value,not-comparable
_t,mk-tag-4-0,customDeclarations:border,"1px solid rgba(22,24,28,.16)",no computed value,not-comparable
_t,mk-tag-4-0,customDeclarations:padding,5px 10px,no computed value,not-comparable
_t,mk-tag-4-0,customDeclarations:transition,"border-color .2s ease,color .2s ease",composite or raw value,not-comparable
_t,mk-tag-4-1,customDeclarations:border,"1px solid rgba(22,24,28,.16)",no computed value,not-comparable
_t,mk-tag-4-1,customDeclarations:padding,5px 10px,no computed value,not-comparable
_t,mk-tag-4-1,customDeclarations:transition,"border-color .2s ease,color .2s ease",composite or raw value,not-comparable
_t,mk-tag-4-2,customDeclarations:border,"1px solid rgba(22,24,28,.16)",no computed value,not-comparable
_t,mk-tag-4-2,customDeclarations:padding,5px 10px,no computed value,not-comparable
_t,mk-tag-4-2,customDeclarations:transition,"border-color .2s ease,color .2s ease",composite or raw value,not-comparable
_t,mk-tag-4-3,customDeclarations:border,"1px solid rgba(22,24,28,.16)",no computed value,not-comparable
_t,mk-tag-4-3,customDeclarations:padding,5px 10px,no computed value,not-comparable
_t,mk-tag-4-3,customDeclarations:transition,"border-color .2s ease,color .2s ease",composite or raw value,not-comparable
_t,mk-tag-5-0,customDeclarations:border,"1px solid rgba(22,24,28,.16)",no computed value,not-comparable
_t,mk-tag-5-0,customDeclarations:padding,5px 10px,no computed value,not-comparable
_t,mk-tag-5-0,customDeclarations:transition,"border-color .2s ease,color .2s ease",composite or raw value,not-comparable
_t,mk-tag-5-1,customDeclarations:border,"1px solid rgba(22,24,28,.16)",no computed value,not-comparable
_t,mk-tag-5-1,customDeclarations:padding,5px 10px,no computed value,not-comparable
_t,mk-tag-5-1,customDeclarations:transition,"border-color .2s ease,color .2s ease",composite or raw value,not-comparable
_t,mk-tag-5-2,customDeclarations:border,"1px solid rgba(22,24,28,.16)",no computed value,not-comparable
_t,mk-tag-5-2,customDeclarations:padding,5px 10px,no computed value,not-comparable
_t,mk-tag-5-2,customDeclarations:transition,"border-color .2s ease,color .2s ease",composite or raw value,not-comparable
_t,mk-tag-5-3,customDeclarations:border,"1px solid rgba(22,24,28,.16)",no computed value,not-comparable
_t,mk-tag-5-3,customDeclarations:padding,5px 10px,no computed value,not-comparable
_t,mk-tag-5-3,customDeclarations:transition,"border-color .2s ease,color .2s ease",composite or raw value,not-comparable
_t,mk-tag-5-4,customDeclarations:border,"1px solid rgba(22,24,28,.16)",no computed value,not-comparable
_t,mk-tag-5-4,customDeclarations:padding,5px 10px,no computed value,not-comparable
_t,mk-tag-5-4,customDeclarations:transition,"border-color .2s ease,color .2s ease",composite or raw value,not-comparable
_t,mk-tag-6-0,customDeclarations:border,"1px solid rgba(22,24,28,.16)",no computed value,not-comparable
_t,mk-tag-6-0,customDeclarations:padding,5px 10px,no computed value,not-comparable
_t,mk-tag-6-0,customDeclarations:transition,"border-color .2s ease,color .2s ease",composite or raw value,not-comparable
_t,mk-tag-6-1,customDeclarations:border,"1px solid rgba(22,24,28,.16)",no computed value,not-comparable
_t,mk-tag-6-1,customDeclarations:padding,5px 10px,no computed value,not-comparable
_t,mk-tag-6-1,customDeclarations:transition,"border-color .2s ease,color .2s ease",composite or raw value,not-comparable
_t,mk-tag-6-2,customDeclarations:border,"1px solid rgba(22,24,28,.16)",no computed value,not-comparable
_t,mk-tag-6-2,customDeclarations:padding,5px 10px,no computed value,not-comparable
_t,mk-tag-6-2,customDeclarations:transition,"border-color .2s ease,color .2s ease",composite or raw value,not-comparable
_t,mk-tag-6-3,customDeclarations:border,"1px solid rgba(22,24,28,.16)",no computed value,not-comparable
_t,mk-tag-6-3,customDeclarations:padding,5px 10px,no computed value,not-comparable
_t,mk-tag-6-3,customDeclarations:transition,"border-color .2s ease,color .2s ease",composite or raw value,not-comparable
_t,mk-tag-6-4,customDeclarations:border,"1px solid rgba(22,24,28,.16)",no computed value,not-comparable
_t,mk-tag-6-4,customDeclarations:padding,5px 10px,no computed value,not-comparable
_t,mk-tag-6-4,customDeclarations:transition,"border-color .2s ease,color .2s ease",composite or raw value,not-comparable
_t,mk-tag-7-0,customDeclarations:border,"1px solid rgba(22,24,28,.16)",no computed value,not-comparable
_t,mk-tag-7-0,customDeclarations:padding,5px 10px,no computed value,not-comparable
_t,mk-tag-7-0,customDeclarations:transition,"border-color .2s ease,color .2s ease",composite or raw value,not-comparable
_t,mk-tag-7-1,customDeclarations:border,"1px solid rgba(22,24,28,.16)",no computed value,not-comparable
_t,mk-tag-7-1,customDeclarations:padding,5px 10px,no computed value,not-comparable
_t,mk-tag-7-1,customDeclarations:transition,"border-color .2s ease,color .2s ease",composite or raw value,not-comparable
_t,mk-tag-7-2,customDeclarations:border,"1px solid rgba(22,24,28,.16)",no computed value,not-comparable
_t,mk-tag-7-2,customDeclarations:padding,5px 10px,no computed value,not-comparable
_t,mk-tag-7-2,customDeclarations:transition,"border-color .2s ease,color .2s ease",composite or raw value,not-comparable
_t,mk-tag-7-3,customDeclarations:border,"1px solid rgba(22,24,28,.16)",no computed value,not-comparable
_t,mk-tag-7-3,customDeclarations:padding,5px 10px,no computed value,not-comparable
_t,mk-tag-7-3,customDeclarations:transition,"border-color .2s ease,color .2s ease",composite or raw value,not-comparable
_t,mk-tag-7-4,customDeclarations:border,"1px solid rgba(22,24,28,.16)",no computed value,not-comparable
_t,mk-tag-7-4,customDeclarations:padding,5px 10px,no computed value,not-comparable
_t,mk-tag-7-4,customDeclarations:transition,"border-color .2s ease,color .2s ease",composite or raw value,not-comparable
_t,mk-ticker,backgroundColor,"rgb(22,24,28)","rgb(22, 24, 28)",ok
_t,mk-ticker,paddingTop,11px,11px,ok
_t,mk-ticker,paddingBottom,11px,11px,ok
_t,mk-ticker,customDeclarations:overflow,hidden,no computed value,not-comparable
_t,mk-ticker-track,display,flex,flex,ok
_t,mk-ticker-track,columnGap,0px,0px,ok
_t,mk-voice-0,paddingTop,26px,26px,ok
_t,mk-voice-0,paddingRight,0px,0px,ok
_t,mk-voice-0,paddingBottom,26px,26px,ok
_t,mk-voice-0,paddingLeft,0px,0px,ok
_t,mk-voice-0,customDeclarations:border-top,"1px solid rgba(22,24,28,.16)",no computed value,not-comparable
_t,mk-voice-0,customDeclarations:border-left,0,no computed value,not-comparable
_t,mk-voice-1,paddingTop,26px,26px,ok
_t,mk-voice-1,paddingRight,0px,0px,ok
_t,mk-voice-1,paddingBottom,26px,26px,ok
_t,mk-voice-1,paddingLeft,0px,0px,ok
_t,mk-voice-1,customDeclarations:border-top,"1px solid rgba(22,24,28,.16)",no computed value,not-comparable
_t,mk-voice-1,customDeclarations:border-left,0,no computed value,not-comparable
_t,mk-voice-2,paddingTop,26px,26px,ok
_t,mk-voice-2,paddingRight,0px,0px,ok
_t,mk-voice-2,paddingBottom,26px,26px,ok
_t,mk-voice-2,paddingLeft,0px,0px,ok
_t,mk-voice-2,customDeclarations:border-top,"1px solid rgba(22,24,28,.16)",no computed value,not-comparable
_t,mk-voice-2,customDeclarations:border-left,0,no computed value,not-comparable
_t,mk-voice-a-0,marginTop,22px,22px,ok
_t,mk-voice-a-1,marginTop,22px,22px,ok
_t,mk-voice-a-2,marginTop,22px,22px,ok
_t,mk-voice-grid,display,grid,grid,ok
_t,mk-voice-grid,gridCols,"repeat(1, 1fr)",844px,ok
_t,mk-voice-grid,columnGap,0px,0px,ok
_t,mk-voice-grid,rowGap,0px,0px,ok
_t,mk-voice-grid,marginTop,42px,42px,ok
_t,mk-voice-head,display,grid,grid,ok
_t,mk-voice-head,gridCols,84px 1fr,84px 760px,ok
_t,mk-voice-head,columnGap,0px,0px,ok
_t,mk-voice-head,alignItems,start,start,ok
_t,mk-voice-head,paddingTop,22px,22px,ok
_t,mk-voice-head,customDeclarations:border-top,"1px solid rgba(22,24,28,.16)",no computed value,not-comparable
_t,mk-voice-in,width,100%,viewport- or parent-relative,not-comparable
_t,mk-voice-in,maxWidth,1240px,1240px,ok
_t,mk-voice-in,marginLeft,auto,auto resolves to a used value (0px),not-comparable
_t,mk-voice-in,marginRight,auto,auto resolves to a used value (0px),not-comparable
_t,mk-voice-pad,paddingTop,84px,84px,ok
_t,mk-voices,backgroundColor,"rgb(250,250,247)","rgb(250, 250, 247)",ok
_t,mk-voices,paddingLeft,28px,28px,ok
_t,mk-voices,paddingRight,28px,28px,ok
_t,mk-voices,fontFamily,"'Noto Sans TC','PingFang TC','Hiragino Sans TC','Microsoft JhengHei',sans-serif","""Noto Sans TC"", ""PingFang TC"", ""Hiragino Sans TC"", ""Microsoft JhengHei"", sans-serif",ok
_t,mk-work-0,display,grid,grid,ok
_t,mk-work-0,gridCols,60px 1.4fr 1fr 1fr,60px 298.109px 212.938px 212.953px,ok
_t,mk-work-0,columnGap,20px,20px,ok
_t,mk-work-0,alignItems,baseline,baseline,ok
_t,mk-work-0,paddingTop,17px,17px,ok
_t,mk-work-0,paddingBottom,17px,17px,ok
_t,mk-work-0,cursor,pointer,pointer,ok
_t,mk-work-0,customDeclarations:border-bottom,"1px solid rgba(22,24,28,.16)",no computed value,not-comparable
_t,mk-work-1,display,grid,grid,ok
_t,mk-work-1,gridCols,60px 1.4fr 1fr 1fr,60px 298.109px 212.938px 212.953px,ok
_t,mk-work-1,columnGap,20px,20px,ok
_t,mk-work-1,alignItems,baseline,baseline,ok
_t,mk-work-1,paddingTop,17px,17px,ok
_t,mk-work-1,paddingBottom,17px,17px,ok
_t,mk-work-1,cursor,pointer,pointer,ok
_t,mk-work-1,customDeclarations:border-bottom,"1px solid rgba(22,24,28,.16)",no computed value,not-comparable
_t,mk-work-2,display,grid,grid,ok
_t,mk-work-2,gridCols,60px 1.4fr 1fr 1fr,60px 298.109px 212.938px 212.953px,ok
_t,mk-work-2,columnGap,20px,20px,ok
_t,mk-work-2,alignItems,baseline,baseline,ok
_t,mk-work-2,paddingTop,17px,17px,ok
_t,mk-work-2,paddingBottom,17px,17px,ok
_t,mk-work-2,cursor,pointer,pointer,ok
_t,mk-work-2,customDeclarations:border-bottom,"1px solid rgba(22,24,28,.16)",no computed value,not-comparable
_t,mk-work-3,display,grid,grid,ok
_t,mk-work-3,gridCols,60px 1.4fr 1fr 1fr,60px 298.109px 212.938px 212.953px,ok
_t,mk-work-3,columnGap,20px,20px,ok
_t,mk-work-3,alignItems,baseline,baseline,ok
_t,mk-work-3,paddingTop,17px,17px,ok
_t,mk-work-3,paddingBottom,17px,17px,ok
_t,mk-work-3,cursor,pointer,pointer,ok
_t,mk-work-3,customDeclarations:border-bottom,"1px solid rgba(22,24,28,.16)",no computed value,not-comparable
_t,mk-work-4,display,grid,grid,ok
_t,mk-work-4,gridCols,60px 1.4fr 1fr 1fr,60px 298.109px 212.938px 212.953px,ok
_t,mk-work-4,columnGap,20px,20px,ok
_t,mk-work-4,alignItems,baseline,baseline,ok
_t,mk-work-4,paddingTop,17px,17px,ok
_t,mk-work-4,paddingBottom,17px,17px,ok
_t,mk-work-4,cursor,pointer,pointer,ok
_t,mk-work-4,customDeclarations:border-bottom,"1px solid rgba(22,24,28,.16)",no computed value,not-comparable
_t,mk-work-5,display,grid,grid,ok
_t,mk-work-5,gridCols,60px 1.4fr 1fr 1fr,60px 298.109px 212.938px 212.953px,ok
_t,mk-work-5,columnGap,20px,20px,ok
_t,mk-work-5,alignItems,baseline,baseline,ok
_t,mk-work-5,paddingTop,17px,17px,ok
_t,mk-work-5,paddingBottom,17px,17px,ok
_t,mk-work-5,cursor,pointer,pointer,ok
_t,mk-work-5,customDeclarations:border-bottom,"1px solid rgba(22,24,28,.16)",no computed value,not-comparable
_t,mk-work-6,display,grid,grid,ok
_t,mk-work-6,gridCols,60px 1.4fr 1fr 1fr,60px 298.109px 212.938px 212.953px,ok
_t,mk-work-6,columnGap,20px,20px,ok
_t,mk-work-6,alignItems,baseline,baseline,ok
_t,mk-work-6,paddingTop,17px,17px,ok
_t,mk-work-6,paddingBottom,17px,17px,ok
_t,mk-work-6,cursor,pointer,pointer,ok
_t,mk-work-6,customDeclarations:border-bottom,"1px solid rgba(22,24,28,.16)",no computed value,not-comparable
_t,mk-work-7,display,grid,grid,ok
_t,mk-work-7,gridCols,60px 1.4fr 1fr 1fr,60px 298.109px 212.938px 212.953px,ok
_t,mk-work-7,columnGap,20px,20px,ok
_t,mk-work-7,alignItems,baseline,baseline,ok
_t,mk-work-7,paddingTop,17px,17px,ok
_t,mk-work-7,paddingBottom,17px,17px,ok
_t,mk-work-7,cursor,pointer,pointer,ok
_t,mk-work-7,customDeclarations:border-bottom,"1px solid rgba(22,24,28,.16)",no computed value,not-comparable
_t,mk-work-8,display,grid,grid,ok
_t,mk-work-8,gridCols,60px 1.4fr 1fr 1fr,60px 298.109px 212.938px 212.953px,ok
_t,mk-work-8,columnGap,20px,20px,ok
_t,mk-work-8,alignItems,baseline,baseline,ok
_t,mk-work-8,paddingTop,17px,17px,ok
_t,mk-work-8,paddingBottom,17px,17px,ok
_t,mk-work-8,cursor,pointer,pointer,ok
_t,mk-work-8,customDeclarations:border-bottom,"1px solid rgba(22,24,28,.16)",no computed value,not-comparable
_t,mk-work-idx-0,color,"rgb(107,109,113)","rgb(107, 109, 113)",ok
_t,mk-work-idx-0,fontSize,12px,12px,ok
_t,mk-work-idx-0,fontFamily,"'IBM Plex Mono',ui-monospace,SFMono-Regular,Menlo,Consolas,monospace","""IBM Plex Mono"", ui-monospace, SFMono-Regular, Menlo, Consolas, monospace",ok
_t,mk-work-idx-0,letterSpacing,0.04em,0.48px,ok
_t,mk-work-idx-0,transitionAll,180ms ease,composite or raw value,not-comparable
_t,mk-work-idx-1,color,"rgb(107,109,113)","rgb(107, 109, 113)",ok
_t,mk-work-idx-1,fontSize,12px,12px,ok
_t,mk-work-idx-1,fontFamily,"'IBM Plex Mono',ui-monospace,SFMono-Regular,Menlo,Consolas,monospace","""IBM Plex Mono"", ui-monospace, SFMono-Regular, Menlo, Consolas, monospace",ok
_t,mk-work-idx-1,letterSpacing,0.04em,0.48px,ok
_t,mk-work-idx-1,transitionAll,180ms ease,composite or raw value,not-comparable
_t,mk-work-idx-2,color,"rgb(107,109,113)","rgb(107, 109, 113)",ok
_t,mk-work-idx-2,fontSize,12px,12px,ok
_t,mk-work-idx-2,fontFamily,"'IBM Plex Mono',ui-monospace,SFMono-Regular,Menlo,Consolas,monospace","""IBM Plex Mono"", ui-monospace, SFMono-Regular, Menlo, Consolas, monospace",ok
_t,mk-work-idx-2,letterSpacing,0.04em,0.48px,ok
_t,mk-work-idx-2,transitionAll,180ms ease,composite or raw value,not-comparable
_t,mk-work-idx-3,color,"rgb(107,109,113)","rgb(107, 109, 113)",ok
_t,mk-work-idx-3,fontSize,12px,12px,ok
_t,mk-work-idx-3,fontFamily,"'IBM Plex Mono',ui-monospace,SFMono-Regular,Menlo,Consolas,monospace","""IBM Plex Mono"", ui-monospace, SFMono-Regular, Menlo, Consolas, monospace",ok
_t,mk-work-idx-3,letterSpacing,0.04em,0.48px,ok
_t,mk-work-idx-3,transitionAll,180ms ease,composite or raw value,not-comparable
_t,mk-work-idx-4,color,"rgb(107,109,113)","rgb(107, 109, 113)",ok
_t,mk-work-idx-4,fontSize,12px,12px,ok
_t,mk-work-idx-4,fontFamily,"'IBM Plex Mono',ui-monospace,SFMono-Regular,Menlo,Consolas,monospace","""IBM Plex Mono"", ui-monospace, SFMono-Regular, Menlo, Consolas, monospace",ok
_t,mk-work-idx-4,letterSpacing,0.04em,0.48px,ok
_t,mk-work-idx-4,transitionAll,180ms ease,composite or raw value,not-comparable
_t,mk-work-idx-5,color,"rgb(107,109,113)","rgb(107, 109, 113)",ok
_t,mk-work-idx-5,fontSize,12px,12px,ok
_t,mk-work-idx-5,fontFamily,"'IBM Plex Mono',ui-monospace,SFMono-Regular,Menlo,Consolas,monospace","""IBM Plex Mono"", ui-monospace, SFMono-Regular, Menlo, Consolas, monospace",ok
_t,mk-work-idx-5,letterSpacing,0.04em,0.48px,ok
_t,mk-work-idx-5,transitionAll,180ms ease,composite or raw value,not-comparable
_t,mk-work-idx-6,color,"rgb(107,109,113)","rgb(107, 109, 113)",ok
_t,mk-work-idx-6,fontSize,12px,12px,ok
_t,mk-work-idx-6,fontFamily,"'IBM Plex Mono',ui-monospace,SFMono-Regular,Menlo,Consolas,monospace","""IBM Plex Mono"", ui-monospace, SFMono-Regular, Menlo, Consolas, monospace",ok
_t,mk-work-idx-6,letterSpacing,0.04em,0.48px,ok
_t,mk-work-idx-6,transitionAll,180ms ease,composite or raw value,not-comparable
_t,mk-work-idx-7,color,"rgb(107,109,113)","rgb(107, 109, 113)",ok
_t,mk-work-idx-7,fontSize,12px,12px,ok
_t,mk-work-idx-7,fontFamily,"'IBM Plex Mono',ui-monospace,SFMono-Regular,Menlo,Consolas,monospace","""IBM Plex Mono"", ui-monospace, SFMono-Regular, Menlo, Consolas, monospace",ok
_t,mk-work-idx-7,letterSpacing,0.04em,0.48px,ok
_t,mk-work-idx-7,transitionAll,180ms ease,composite or raw value,not-comparable
_t,mk-work-idx-8,color,"rgb(107,109,113)","rgb(107, 109, 113)",ok
_t,mk-work-idx-8,fontSize,12px,12px,ok
_t,mk-work-idx-8,fontFamily,"'IBM Plex Mono',ui-monospace,SFMono-Regular,Menlo,Consolas,monospace","""IBM Plex Mono"", ui-monospace, SFMono-Regular, Menlo, Consolas, monospace",ok
_t,mk-work-idx-8,letterSpacing,0.04em,0.48px,ok
_t,mk-work-idx-8,transitionAll,180ms ease,composite or raw value,not-comparable
_t,mk-works-foot,paddingTop,16px,16px,ok
_t,mk-works-head,display,grid,grid,ok
_t,mk-works-head,gridCols,84px 1fr,84px 760px,ok
_t,mk-works-head,columnGap,0px,0px,ok
_t,mk-works-head,alignItems,start,start,ok
_t,mk-works-head,paddingTop,22px,22px,ok
_t,mk-works-head,customDeclarations:border-top,"1px solid rgba(22,24,28,.16)",no computed value,not-comparable
_t,mk-works-in,width,100%,viewport- or parent-relative,not-comparable
_t,mk-works-in,maxWidth,1240px,1240px,ok
_t,mk-works-in,marginLeft,auto,auto resolves to a used value (0px),not-comparable
_t,mk-works-in,marginRight,auto,auto resolves to a used value (0px),not-comparable
_t,mk-works-pad,paddingTop,84px,84px,ok
_t,mk-works-table,marginTop,44px,44px,ok
_t,mk-works-thead,display,grid,grid,ok
_t,mk-works-thead,gridCols,60px 1.4fr 1fr 1fr,60px 298.109px 212.938px 212.953px,ok
_t,mk-works-thead,columnGap,20px,20px,ok
_t,mk-works-thead,paddingBottom,12px,12px,ok
_t,mk-works-thead,customDeclarations:border-bottom,"1px solid rgba(22,24,28,.34)",no computed value,not-comparable
_t,plate,backgroundColor,"rgb(243,243,239)","rgb(243, 243, 239)",ok
_t,plate,paddingLeft,28px,28px,ok
_t,plate,paddingRight,28px,28px,ok
_t,plate,fontFamily,"'Noto Sans TC','PingFang TC','Hiragino Sans TC','Microsoft JhengHei',sans-serif","""Noto Sans TC"", ""PingFang TC"", ""Hiragino Sans TC"", ""Microsoft JhengHei"", sans-serif",ok
_t,process,backgroundColor,"rgb(250,250,247)","rgb(250, 250, 247)",ok
_t,process,paddingLeft,28px,28px,ok
_t,process,paddingRight,28px,28px,ok
_t,process,fontFamily,"'Noto Sans TC','PingFang TC','Hiragino Sans TC','Microsoft JhengHei',sans-serif","""Noto Sans TC"", ""PingFang TC"", ""Hiragino Sans TC"", ""Microsoft JhengHei"", sans-serif",ok
_t,products,backgroundColor,"rgb(22,24,28)","rgb(22, 24, 28)",ok
_t,products,paddingLeft,28px,28px,ok
_t,products,paddingRight,28px,28px,ok
_t,products,fontFamily,"'Noto Sans TC','PingFang TC','Hiragino Sans TC','Microsoft JhengHei',sans-serif","""Noto Sans TC"", ""PingFang TC"", ""Hiragino Sans TC"", ""Microsoft JhengHei"", sans-serif",ok
_t,services,backgroundColor,"rgb(250,250,247)","rgb(250, 250, 247)",ok
_t,services,paddingLeft,28px,28px,ok
_t,services,paddingRight,28px,28px,ok
_t,services,fontFamily,"'Noto Sans TC','PingFang TC','Hiragino Sans TC','Microsoft JhengHei',sans-serif","""Noto Sans TC"", ""PingFang TC"", ""Hiragino Sans TC"", ""Microsoft JhengHei"", sans-serif",ok
_t,specimen,backgroundColor,"rgb(22,24,28)","rgb(22, 24, 28)",ok
_t,specimen,paddingLeft,28px,28px,ok
_t,specimen,paddingRight,28px,28px,ok
_t,specimen,fontFamily,"'Noto Sans TC','PingFang TC','Hiragino Sans TC','Microsoft JhengHei',sans-serif","""Noto Sans TC"", ""PingFang TC"", ""Hiragino Sans TC"", ""Microsoft JhengHei"", sans-serif",ok
_t,stack,backgroundColor,"rgb(250,250,247)","rgb(250, 250, 247)",ok
_t,stack,paddingLeft,28px,28px,ok
_t,stack,paddingRight,28px,28px,ok
_t,stack,fontFamily,"'Noto Sans TC','PingFang TC','Hiragino Sans TC','Microsoft JhengHei',sans-serif","""Noto Sans TC"", ""PingFang TC"", ""Hiragino Sans TC"", ""Microsoft JhengHei"", sans-serif",ok
_t,works,backgroundColor,"rgb(250,250,247)","rgb(250, 250, 247)",ok
_t,works,paddingLeft,28px,28px,ok
_t,works,paddingRight,28px,28px,ok
_t,works,fontFamily,"'Noto Sans TC','PingFang TC','Hiragino Sans TC','Microsoft JhengHei',sans-serif","""Noto Sans TC"", ""PingFang TC"", ""Hiragino Sans TC"", ""Microsoft JhengHei"", sans-serif",ok
_m,board,backgroundColor,"rgb(22,24,28)","rgb(22, 24, 28)",ok
_m,board,paddingLeft,18px,18px,ok
_m,board,paddingRight,18px,18px,ok
_m,board,fontFamily,"'Noto Sans TC','PingFang TC','Hiragino Sans TC','Microsoft JhengHei',sans-serif","""Noto Sans TC"", ""PingFang TC"", ""Hiragino Sans TC"", ""Microsoft JhengHei"", sans-serif",ok
_m,contact,backgroundColor,"rgb(250,250,247)","rgb(250, 250, 247)",ok
_m,contact,paddingLeft,18px,18px,ok
_m,contact,paddingRight,18px,18px,ok
_m,contact,fontFamily,"'Noto Sans TC','PingFang TC','Hiragino Sans TC','Microsoft JhengHei',sans-serif","""Noto Sans TC"", ""PingFang TC"", ""Hiragino Sans TC"", ""Microsoft JhengHei"", sans-serif",ok
_m,figure,backgroundColor,"rgb(250,250,247)","rgb(250, 250, 247)",ok
_m,figure,paddingLeft,18px,18px,ok
_m,figure,paddingRight,18px,18px,ok
_m,figure,fontFamily,"'Noto Sans TC','PingFang TC','Hiragino Sans TC','Microsoft JhengHei',sans-serif","""Noto Sans TC"", ""PingFang TC"", ""Hiragino Sans TC"", ""Microsoft JhengHei"", sans-serif",ok
_m,matrix,backgroundColor,"rgb(243,243,239)","rgb(243, 243, 239)",ok
_m,matrix,paddingLeft,18px,18px,ok
_m,matrix,paddingRight,18px,18px,ok
_m,matrix,fontFamily,"'Noto Sans TC','PingFang TC','Hiragino Sans TC','Microsoft JhengHei',sans-serif","""Noto Sans TC"", ""PingFang TC"", ""Hiragino Sans TC"", ""Microsoft JhengHei"", sans-serif",ok
_m,mk-ar-a-0,display,flex,flex,ok
_m,mk-ar-a-0,justifyContent,center,center,ok
_m,mk-ar-a-0,alignItems,center,center,ok
_m,mk-ar-a-0,customDeclarations:transform,rotate(90deg),composite or raw value,not-comparable
_m,mk-ar-a-1,display,flex,flex,ok
_m,mk-ar-a-1,justifyContent,center,center,ok
_m,mk-ar-a-1,alignItems,center,center,ok
_m,mk-ar-a-1,customDeclarations:transform,rotate(90deg),composite or raw value,not-comparable
_m,mk-ar-a-2,display,flex,flex,ok
_m,mk-ar-a-2,justifyContent,center,center,ok
_m,mk-ar-a-2,alignItems,center,center,ok
_m,mk-ar-a-2,customDeclarations:transform,rotate(90deg),composite or raw value,not-comparable
_m,mk-ar-b-0,display,flex,flex,ok
_m,mk-ar-b-0,justifyContent,center,center,ok
_m,mk-ar-b-0,alignItems,center,center,ok
_m,mk-ar-b-0,customDeclarations:transform,rotate(90deg),composite or raw value,not-comparable
_m,mk-ar-b-1,display,flex,flex,ok
_m,mk-ar-b-1,justifyContent,center,center,ok
_m,mk-ar-b-1,alignItems,center,center,ok
_m,mk-ar-b-1,customDeclarations:transform,rotate(90deg),composite or raw value,not-comparable
_m,mk-ar-b-2,display,flex,flex,ok
_m,mk-ar-b-2,justifyContent,center,center,ok
_m,mk-ar-b-2,alignItems,center,center,ok
_m,mk-ar-b-2,customDeclarations:transform,rotate(90deg),composite or raw value,not-comparable
_m,mk-board-city,customDeclarations:overflow,hidden,no computed value,not-comparable
_m,mk-board-city,customDeclarations:height,34px,34px,ok
_m,mk-board-code,display,flex,flex,ok
_m,mk-board-code,columnGap,5px,5px,ok
_m,mk-board-head,display,flex,flex,ok
_m,mk-board-head,justifyContent,space-between,space-between,ok
_m,mk-board-head,columnGap,20px,20px,ok
_m,mk-board-head,rowGap,8px,8px,ok
_m,mk-board-head,customDeclarations:flex-wrap,wrap,wrap,ok
_m,mk-board-in,width,100%,viewport- or parent-relative,not-comparable
_m,mk-board-in,maxWidth,1240px,1240px,ok
_m,mk-board-in,marginLeft,auto,auto resolves to a used value (0px),not-comparable
_m,mk-board-in,marginRight,auto,auto resolves to a used value (0px),not-comparable
_m,mk-board-pad,paddingTop,48px,48px,ok
_m,mk-board-pad,paddingBottom,48px,48px,ok
_m,mk-board-row,display,flex,flex,ok
_m,mk-board-row,alignItems,center,center,ok
_m,mk-board-row,columnGap,14px,14px,ok
_m,mk-board-row,marginTop,24px,24px,ok
_m,mk-board-row,customDeclarations:flex-wrap,wrap,wrap,ok
_m,mk-board-utc,customDeclarations:overflow,hidden,no computed value,not-comparable
_m,mk-board-utc,customDeclarations:height,34px,34px,ok
_m,mk-caret-row,display,flex,flex,ok
_m,mk-caret-row,alignItems,center,center,ok
_m,mk-caret-row,marginTop,10px,10px,ok
_m,mk-colophon,paddingLeft,18px,18px,ok
_m,mk-colophon,paddingRight,18px,18px,ok
_m,mk-colophon-card,backgroundColor,"rgb(250,250,247)","rgb(250, 250, 247)",ok
_m,mk-colophon-card,maxWidth,520px,520px,ok
_m,mk-colophon-card,width,100%,viewport- or parent-relative,not-comparable
_m,mk-colophon-card,flexDirection,column,column,ok
_m,mk-colophon-card,rowGap,0px,0px,ok
_m,mk-colophon-card,position,relative,relative,ok
_m,mk-colophon-card,paddingTop,34px,34px,ok
_m,mk-colophon-card,paddingBottom,30px,30px,ok
_m,mk-colophon-card,paddingLeft,34px,34px,ok
_m,mk-colophon-card,paddingRight,34px,34px,ok
_m,mk-colophon-card,customDeclarations:border,"1px solid rgb(22,24,28)",no computed value,not-comparable
_m,mk-colophon-cta,display,flex,flex,ok
_m,mk-colophon-cta,columnGap,14px,14px,ok
_m,mk-colophon-cta,rowGap,10px,10px,ok
_m,mk-colophon-cta,marginTop,26px,26px,ok
_m,mk-colophon-cta,flexWrap,wrap,wrap,ok
_m,mk-colophon-cta,alignItems,center,center,ok
_m,mk-colophon-go,backgroundColor,"rgb(255,90,54)","rgb(255, 90, 54)",ok
_m,mk-colophon-go,color,"rgb(22,24,28)","rgb(22, 24, 28)",ok
_m,mk-colophon-go,fontFamily,"'IBM Plex Mono',ui-monospace,SFMono-Regular,Menlo,Consolas,monospace","""IBM Plex Mono"", ui-monospace, SFMono-Regular, Menlo, Consolas, monospace",ok
_m,mk-colophon-go,fontSize,11px,11px,ok
_m,mk-colophon-go,letterSpacing,0.18em,1.98px,ok
_m,mk-colophon-go,fontWeight,500,500,ok
_m,mk-colophon-go,paddingLeft,22px,22px,ok
_m,mk-colophon-go,paddingRight,22px,22px,ok
_m,mk-colophon-go,paddingTop,13px,13px,ok
_m,mk-colophon-go,paddingBottom,13px,13px,ok
_m,mk-colophon-go,customDeclarations:border,"1px solid rgb(255,90,54)",no computed value,not-comparable
_m,mk-colophon-head,display,flex,flex,ok
_m,mk-colophon-head,justifyContent,space-between,space-between,ok
_m,mk-colophon-head,alignItems,baseline,baseline,ok
_m,mk-colophon-head,columnGap,16px,16px,ok
_m,mk-colophon-head,paddingBottom,14px,14px,ok
_m,mk-colophon-head,customDeclarations:border-bottom,"1px solid rgba(22,24,28,.16)",no computed value,not-comparable
_m,mk-colophon-stay,backgroundColor,"rgba(0,0,0,0)","rgba(0, 0, 0, 0)",ok
_m,mk-colophon-stay,color,"rgb(90,92,97)","rgb(90, 92, 97)",ok
_m,mk-colophon-stay,fontFamily,"'IBM Plex Mono',ui-monospace,SFMono-Regular,Menlo,Consolas,monospace","""IBM Plex Mono"", ui-monospace, SFMono-Regular, Menlo, Consolas, monospace",ok
_m,mk-colophon-stay,fontSize,11px,11px,ok
_m,mk-colophon-stay,letterSpacing,0.18em,1.98px,ok
_m,mk-colophon-stay,fontWeight,400,400,ok
_m,mk-colophon-stay,paddingLeft,4px,4px,ok
_m,mk-colophon-stay,paddingRight,4px,4px,ok
_m,mk-colophon-stay,paddingTop,13px,13px,ok
_m,mk-colophon-stay,paddingBottom,13px,13px,ok
_m,mk-colophon-stay,cursor,pointer,pointer,ok
_m,mk-colophon-veil,backgroundColor,"rgba(22,24,28,.62)","rgba(22, 24, 28, 0.62)",ok
_m,mk-contact-head,display,grid,grid,ok
_m,mk-contact-head,gridCols,48px 1fr,48px 306px,ok
_m,mk-contact-head,columnGap,0px,0px,ok
_m,mk-contact-head,alignItems,start,start,ok
_m,mk-contact-head,paddingTop,22px,22px,ok
_m,mk-contact-head,customDeclarations:border-top,"1px solid rgba(22,24,28,.16)",no computed value,not-comparable
_m,mk-contact-in,width,100%,viewport- or parent-relative,not-comparable
_m,mk-contact-in,maxWidth,1240px,1240px,ok
_m,mk-contact-in,marginLeft,auto,auto resolves to a used value (0px),not-comparable
_m,mk-contact-in,marginRight,auto,auto resolves to a used value (0px),not-comparable
_m,mk-contact-pad,paddingTop,56px,56px,ok
_m,mk-contact-pad,paddingBottom,64px,64px,ok
_m,mk-contact-r-0,display,grid,grid,ok
_m,mk-contact-r-0,gridCols,84px 1fr,84px 210px,ok
_m,mk-contact-r-0,columnGap,12px,12px,ok
_m,mk-contact-r-0,alignItems,baseline,baseline,ok
_m,mk-contact-r-0,paddingTop,15px,15px,ok
_m,mk-contact-r-0,paddingBottom,15px,15px,ok
_m,mk-contact-r-0,customDeclarations:border-top,"1px solid rgba(22,24,28,.16)",no computed value,not-comparable
_m,mk-contact-r-1,display,grid,grid,ok
_m,mk-contact-r-1,gridCols,84px 1fr,84px 210px,ok
_m,mk-contact-r-1,columnGap,12px,12px,ok
_m,mk-contact-r-1,alignItems,baseline,baseline,ok
_m,mk-contact-r-1,paddingTop,15px,15px,ok
_m,mk-contact-r-1,paddingBottom,15px,15px,ok
_m,mk-contact-r-1,customDeclarations:border-top,"1px solid rgba(22,24,28,.16)",no computed value,not-comparable
_m,mk-contact-r-2,display,grid,grid,ok
_m,mk-contact-r-2,gridCols,84px 1fr,84px 210px,ok
_m,mk-contact-r-2,columnGap,12px,12px,ok
_m,mk-contact-r-2,alignItems,baseline,baseline,ok
_m,mk-contact-r-2,paddingTop,15px,15px,ok
_m,mk-contact-r-2,paddingBottom,15px,15px,ok
_m,mk-contact-r-2,customDeclarations:border-top,"1px solid rgba(22,24,28,.16)",no computed value,not-comparable
_m,mk-contact-r-3,display,grid,grid,ok
_m,mk-contact-r-3,gridCols,84px 1fr,84px 210px,ok
_m,mk-contact-r-3,columnGap,12px,12px,ok
_m,mk-contact-r-3,alignItems,baseline,baseline,ok
_m,mk-contact-r-3,paddingTop,15px,15px,ok
_m,mk-contact-r-3,paddingBottom,15px,15px,ok
_m,mk-contact-r-3,customDeclarations:border-top,"1px solid rgba(22,24,28,.16)",no computed value,not-comparable
_m,mk-contact-rows,marginTop,34px,34px,ok
_m,mk-contact-rows,display,grid,grid,ok
_m,mk-contact-rows,rowGap,0px,0px,ok
_m,mk-cta-1,backgroundColor,"rgb(255,90,54)","rgb(255, 90, 54)",ok
_m,mk-cta-1,color,"rgb(22,24,28)","rgb(22, 24, 28)",ok
_m,mk-cta-1,paddingLeft,22px,22px,ok
_m,mk-cta-1,paddingRight,22px,22px,ok
_m,mk-cta-1,paddingTop,13px,13px,ok
_m,mk-cta-1,paddingBottom,13px,13px,ok
_m,mk-cta-1,customDeclarations:border,"1px solid rgb(255,90,54)",no computed value,not-comparable
_m,mk-cta-1,fontSize,13px,13px,ok
_m,mk-cta-1,fontFamily,"'IBM Plex Mono',ui-monospace,SFMono-Regular,Menlo,Consolas,monospace","""IBM Plex Mono"", ui-monospace, SFMono-Regular, Menlo, Consolas, monospace",ok
_m,mk-cta-1,letterSpacing,0.1em,1.3px,ok
_m,mk-cta-1,radius,0px,no computed value,not-comparable
_m,mk-cta-1,cursor,pointer,pointer,ok
_m,mk-cta-1,transitionAll,180ms ease,composite or raw value,not-comparable
_m,mk-cta-2,backgroundColor,"rgba(0,0,0,0)","rgba(0, 0, 0, 0)",ok
_m,mk-cta-2,color,"rgb(22,24,28)","rgb(22, 24, 28)",ok
_m,mk-cta-2,paddingLeft,0px,0px,ok
_m,mk-cta-2,paddingRight,0px,0px,ok
_m,mk-cta-2,paddingTop,13px,13px,ok
_m,mk-cta-2,paddingBottom,13px,13px,ok
_m,mk-cta-2,customDeclarations:border,"1px solid rgba(0,0,0,0)",no computed value,not-comparable
_m,mk-cta-2,customDeclarations:border-bottom-color,"rgb(22,24,28)","rgb(22, 24, 28)",ok
_m,mk-cta-2,fontSize,13px,13px,ok
_m,mk-cta-2,fontFamily,"'IBM Plex Mono',ui-monospace,SFMono-Regular,Menlo,Consolas,monospace","""IBM Plex Mono"", ui-monospace, SFMono-Regular, Menlo, Consolas, monospace",ok
_m,mk-cta-2,letterSpacing,0.1em,1.3px,ok
_m,mk-cta-2,radius,0px,no computed value,not-comparable
_m,mk-cta-2,cursor,pointer,pointer,ok
_m,mk-cta-2,transitionAll,180ms ease,composite or raw value,not-comparable
_m,mk-fig-0,display,flex,flex,ok
_m,mk-fig-0,alignItems,baseline,baseline,ok
_m,mk-fig-0,columnGap,0px,0px,ok
_m,mk-fig-0,customDeclarations:font-variant-numeric,tabular-nums,tabular-nums,ok
_m,mk-fig-0-d0,customDeclarations:overflow,hidden,no computed value,not-comparable
_m,mk-fig-0-d0,customDeclarations:--d,0ms,0ms,ok
_m,mk-fig-1,display,flex,flex,ok
_m,mk-fig-1,alignItems,baseline,baseline,ok
_m,mk-fig-1,columnGap,0px,0px,ok
_m,mk-fig-1,customDeclarations:font-variant-numeric,tabular-nums,tabular-nums,ok
_m,mk-fig-1-d0,customDeclarations:overflow,hidden,no computed value,not-comparable
_m,mk-fig-1-d0,customDeclarations:--d,0ms,0ms,ok
_m,mk-fig-1-d1,customDeclarations:overflow,hidden,no computed value,not-comparable
_m,mk-fig-1-d1,customDeclarations:--d,70ms,70ms,ok
_m,mk-fig-1-d2,customDeclarations:overflow,hidden,no computed value,not-comparable
_m,mk-fig-1-d2,customDeclarations:--d,140ms,140ms,ok
_m,mk-fig-2,display,flex,flex,ok
_m,mk-fig-2,alignItems,baseline,baseline,ok
_m,mk-fig-2,columnGap,0px,0px,ok
_m,mk-fig-2,customDeclarations:font-variant-numeric,tabular-nums,tabular-nums,ok
_m,mk-fig-2-d0,customDeclarations:overflow,hidden,no computed value,not-comparable
_m,mk-fig-2-d0,customDeclarations:--d,0ms,0ms,ok
_m,mk-fig-2-d1,customDeclarations:overflow,hidden,no computed value,not-comparable
_m,mk-fig-2-d1,customDeclarations:--d,70ms,70ms,ok
_m,mk-fig-3,display,flex,flex,ok
_m,mk-fig-3,alignItems,baseline,baseline,ok
_m,mk-fig-3,columnGap,0px,0px,ok
_m,mk-fig-3,customDeclarations:font-variant-numeric,tabular-nums,tabular-nums,ok
_m,mk-fig-3-d0,customDeclarations:overflow,hidden,no computed value,not-comparable
_m,mk-fig-3-d0,customDeclarations:--d,0ms,0ms,ok
_m,mk-fig-3-d1,customDeclarations:overflow,hidden,no computed value,not-comparable
_m,mk-fig-3-d1,customDeclarations:--d,70ms,70ms,ok
_m,mk-fig-3-d2,customDeclarations:overflow,hidden,no computed value,not-comparable
_m,mk-fig-3-d2,customDeclarations:--d,140ms,140ms,ok
_m,mk-fig2-grid,display,grid,grid,ok
_m,mk-fig2-grid,gridCols,"repeat(1, 1fr)",354px,ok
_m,mk-fig2-grid,columnGap,0px,0px,ok
_m,mk-fig2-grid,rowGap,8px,8px,ok
_m,mk-fig2-grid,marginTop,24px,24px,ok
_m,mk-fig2-head,display,flex,flex,ok
_m,mk-fig2-head,justifyContent,space-between,space-between,ok
_m,mk-fig2-head,columnGap,20px,20px,ok
_m,mk-fig2-head,rowGap,8px,8px,ok
_m,mk-fig2-head,customDeclarations:flex-wrap,wrap,wrap,ok
_m,mk-fig2-in,width,100%,viewport- or parent-relative,not-comparable
_m,mk-fig2-in,maxWidth,1240px,1240px,ok
_m,mk-fig2-in,marginLeft,auto,auto resolves to a used value (0px),not-comparable
_m,mk-fig2-in,marginRight,auto,auto resolves to a used value (0px),not-comparable
_m,mk-fig2-pad,paddingTop,54px,54px,ok
_m,mk-fig2-pad,paddingBottom,54px,54px,ok
_m,mk-fl-a-0,paddingTop,14px,14px,ok
_m,mk-fl-a-0,paddingBottom,14px,14px,ok
_m,mk-fl-a-0,paddingLeft,16px,16px,ok
_m,mk-fl-a-0,paddingRight,16px,16px,ok
_m,mk-fl-a-0,customDeclarations:border,"1px solid rgba(22,24,28,.16)",no computed value,not-comparable
_m,mk-fl-a-1,paddingTop,14px,14px,ok
_m,mk-fl-a-1,paddingBottom,14px,14px,ok
_m,mk-fl-a-1,paddingLeft,16px,16px,ok
_m,mk-fl-a-1,paddingRight,16px,16px,ok
_m,mk-fl-a-1,customDeclarations:border,"1px solid rgba(22,24,28,.16)",no computed value,not-comparable
_m,mk-fl-a-2,paddingTop,14px,14px,ok
_m,mk-fl-a-2,paddingBottom,14px,14px,ok
_m,mk-fl-a-2,paddingLeft,16px,16px,ok
_m,mk-fl-a-2,paddingRight,16px,16px,ok
_m,mk-fl-a-2,customDeclarations:border,"1px solid rgba(22,24,28,.16)",no computed value,not-comparable
_m,mk-fl-b-0,paddingTop,14px,14px,ok
_m,mk-fl-b-0,paddingBottom,14px,14px,ok
_m,mk-fl-b-0,paddingLeft,16px,16px,ok
_m,mk-fl-b-0,paddingRight,16px,16px,ok
_m,mk-fl-b-0,customDeclarations:border,"1px solid rgba(22,24,28,.16)",no computed value,not-comparable
_m,mk-fl-b-1,paddingTop,14px,14px,ok
_m,mk-fl-b-1,paddingBottom,14px,14px,ok
_m,mk-fl-b-1,paddingLeft,16px,16px,ok
_m,mk-fl-b-1,paddingRight,16px,16px,ok
_m,mk-fl-b-1,customDeclarations:border,"1px solid rgba(22,24,28,.16)",no computed value,not-comparable
_m,mk-fl-b-2,paddingTop,14px,14px,ok
_m,mk-fl-b-2,paddingBottom,14px,14px,ok
_m,mk-fl-b-2,paddingLeft,16px,16px,ok
_m,mk-fl-b-2,paddingRight,16px,16px,ok
_m,mk-fl-b-2,customDeclarations:border,"1px solid rgba(22,24,28,.16)",no computed value,not-comparable
_m,mk-fl-c-0,paddingTop,14px,14px,ok
_m,mk-fl-c-0,paddingBottom,14px,14px,ok
_m,mk-fl-c-0,paddingLeft,16px,16px,ok
_m,mk-fl-c-0,paddingRight,16px,16px,ok
_m,mk-fl-c-0,customDeclarations:border,"1px solid rgba(22,24,28,.16)",no computed value,not-comparable
_m,mk-fl-c-1,paddingTop,14px,14px,ok
_m,mk-fl-c-1,paddingBottom,14px,14px,ok
_m,mk-fl-c-1,paddingLeft,16px,16px,ok
_m,mk-fl-c-1,paddingRight,16px,16px,ok
_m,mk-fl-c-1,customDeclarations:border,"1px solid rgba(22,24,28,.16)",no computed value,not-comparable
_m,mk-fl-c-2,paddingTop,14px,14px,ok
_m,mk-fl-c-2,paddingBottom,14px,14px,ok
_m,mk-fl-c-2,paddingLeft,16px,16px,ok
_m,mk-fl-c-2,paddingRight,16px,16px,ok
_m,mk-fl-c-2,customDeclarations:border,"1px solid rgba(22,24,28,.16)",no computed value,not-comparable
_m,mk-flap-0,customDeclarations:overflow,hidden,no computed value,not-comparable
_m,mk-flap-0,customDeclarations:height,86px,86px,ok
_m,mk-flap-0,customDeclarations:background,"rgb(30,32,37)",no computed value,not-comparable
_m,mk-flap-0,customDeclarations:padding,0 16px,no computed value,not-comparable
_m,mk-flap-0,customDeclarations:border,"1px solid rgba(250,250,247,.14)",no computed value,not-comparable
_m,mk-flap-1,customDeclarations:overflow,hidden,no computed value,not-comparable
_m,mk-flap-1,customDeclarations:height,86px,86px,ok
_m,mk-flap-1,customDeclarations:background,"rgb(30,32,37)",no computed value,not-comparable
_m,mk-flap-1,customDeclarations:padding,0 16px,no computed value,not-comparable
_m,mk-flap-1,customDeclarations:border,"1px solid rgba(250,250,247,.14)",no computed value,not-comparable
_m,mk-flap-2,customDeclarations:overflow,hidden,no computed value,not-comparable
_m,mk-flap-2,customDeclarations:height,86px,86px,ok
_m,mk-flap-2,customDeclarations:background,"rgb(30,32,37)",no computed value,not-comparable
_m,mk-flap-2,customDeclarations:padding,0 16px,no computed value,not-comparable
_m,mk-flap-2,customDeclarations:border,"1px solid rgba(250,250,247,.14)",no computed value,not-comparable
_m,mk-hl1-mask,customDeclarations:overflow,hidden,no computed value,not-comparable
_m,mk-hl1-mask,customDeclarations:padding-bottom,.08em,1.28px,ok
_m,mk-hl2-mask,customDeclarations:overflow,hidden,no computed value,not-comparable
_m,mk-hl2-mask,customDeclarations:padding-bottom,.08em,1.28px,ok
_m,mk-idx-0,display,flex,flex,ok
_m,mk-idx-0,columnGap,8px,8px,ok
_m,mk-idx-0,alignItems,baseline,baseline,ok
_m,mk-idx-0,cursor,pointer,pointer,ok
_m,mk-idx-0,color,"rgb(107,109,113)","rgb(107, 109, 113)",ok
_m,mk-idx-0,fontFamily,"'IBM Plex Mono',ui-monospace,SFMono-Regular,Menlo,Consolas,monospace","""IBM Plex Mono"", ui-monospace, SFMono-Regular, Menlo, Consolas, monospace",ok
_m,mk-idx-0,fontSize,10px,10px,ok
_m,mk-idx-0,letterSpacing,0.14em,1.4px,ok
_m,mk-idx-0,transitionAll,220ms ease,composite or raw value,not-comparable
_m,mk-idx-1,display,flex,flex,ok
_m,mk-idx-1,columnGap,8px,8px,ok
_m,mk-idx-1,alignItems,baseline,baseline,ok
_m,mk-idx-1,cursor,pointer,pointer,ok
_m,mk-idx-1,color,"rgb(107,109,113)","rgb(107, 109, 113)",ok
_m,mk-idx-1,fontFamily,"'IBM Plex Mono',ui-monospace,SFMono-Regular,Menlo,Consolas,monospace","""IBM Plex Mono"", ui-monospace, SFMono-Regular, Menlo, Consolas, monospace",ok
_m,mk-idx-1,fontSize,10px,10px,ok
_m,mk-idx-1,letterSpacing,0.14em,1.4px,ok
_m,mk-idx-1,transitionAll,220ms ease,composite or raw value,not-comparable
_m,mk-idx-2,display,flex,flex,ok
_m,mk-idx-2,columnGap,8px,8px,ok
_m,mk-idx-2,alignItems,baseline,baseline,ok
_m,mk-idx-2,cursor,pointer,pointer,ok
_m,mk-idx-2,color,"rgb(107,109,113)","rgb(107, 109, 113)",ok
_m,mk-idx-2,fontFamily,"'IBM Plex Mono',ui-monospace,SFMono-Regular,Menlo,Consolas,monospace","""IBM Plex Mono"", ui-monospace, SFMono-Regular, Menlo, Consolas, monospace",ok
_m,mk-idx-2,fontSize,10px,10px,ok
_m,mk-idx-2,letterSpacing,0.14em,1.4px,ok
_m,mk-idx-2,transitionAll,220ms ease,composite or raw value,not-comparable
_m,mk-idx-3,display,flex,flex,ok
_m,mk-idx-3,columnGap,8px,8px,ok
_m,mk-idx-3,alignItems,baseline,baseline,ok
_m,mk-idx-3,cursor,pointer,pointer,ok
_m,mk-idx-3,color,"rgb(107,109,113)","rgb(107, 109, 113)",ok
_m,mk-idx-3,fontFamily,"'IBM Plex Mono',ui-monospace,SFMono-Regular,Menlo,Consolas,monospace","""IBM Plex Mono"", ui-monospace, SFMono-Regular, Menlo, Consolas, monospace",ok
_m,mk-idx-3,fontSize,10px,10px,ok
_m,mk-idx-3,letterSpacing,0.14em,1.4px,ok
_m,mk-idx-3,transitionAll,220ms ease,composite or raw value,not-comparable
_m,mk-idx-4,display,flex,flex,ok
_m,mk-idx-4,columnGap,8px,8px,ok
_m,mk-idx-4,alignItems,baseline,baseline,ok
_m,mk-idx-4,cursor,pointer,pointer,ok
_m,mk-idx-4,color,"rgb(107,109,113)","rgb(107, 109, 113)",ok
_m,mk-idx-4,fontFamily,"'IBM Plex Mono',ui-monospace,SFMono-Regular,Menlo,Consolas,monospace","""IBM Plex Mono"", ui-monospace, SFMono-Regular, Menlo, Consolas, monospace",ok
_m,mk-idx-4,fontSize,10px,10px,ok
_m,mk-idx-4,letterSpacing,0.14em,1.4px,ok
_m,mk-idx-4,transitionAll,220ms ease,composite or raw value,not-comparable
_m,mk-idx-5,display,flex,flex,ok
_m,mk-idx-5,columnGap,8px,8px,ok
_m,mk-idx-5,alignItems,baseline,baseline,ok
_m,mk-idx-5,cursor,pointer,pointer,ok
_m,mk-idx-5,color,"rgb(107,109,113)","rgb(107, 109, 113)",ok
_m,mk-idx-5,fontFamily,"'IBM Plex Mono',ui-monospace,SFMono-Regular,Menlo,Consolas,monospace","""IBM Plex Mono"", ui-monospace, SFMono-Regular, Menlo, Consolas, monospace",ok
_m,mk-idx-5,fontSize,10px,10px,ok
_m,mk-idx-5,letterSpacing,0.14em,1.4px,ok
_m,mk-idx-5,transitionAll,220ms ease,composite or raw value,not-comparable
_m,mk-idx-6,display,flex,flex,ok
_m,mk-idx-6,columnGap,8px,8px,ok
_m,mk-idx-6,alignItems,baseline,baseline,ok
_m,mk-idx-6,cursor,pointer,pointer,ok
_m,mk-idx-6,color,"rgb(107,109,113)","rgb(107, 109, 113)",ok
_m,mk-idx-6,fontFamily,"'IBM Plex Mono',ui-monospace,SFMono-Regular,Menlo,Consolas,monospace","""IBM Plex Mono"", ui-monospace, SFMono-Regular, Menlo, Consolas, monospace",ok
_m,mk-idx-6,fontSize,10px,10px,ok
_m,mk-idx-6,letterSpacing,0.14em,1.4px,ok
_m,mk-idx-6,transitionAll,220ms ease,composite or raw value,not-comparable
_m,mk-mast,backgroundColor,"rgb(250,250,247)","rgb(250, 250, 247)",ok
_m,mk-mast,paddingLeft,18px,18px,ok
_m,mk-mast,paddingRight,18px,18px,ok
_m,mk-mast,fontFamily,"'Noto Sans TC','PingFang TC','Hiragino Sans TC','Microsoft JhengHei',sans-serif","""Noto Sans TC"", ""PingFang TC"", ""Hiragino Sans TC"", ""Microsoft JhengHei"", sans-serif",ok
_m,mk-mast-body,display,grid,grid,ok
_m,mk-mast-body,gridCols,"repeat(1, 1fr)",354px,ok
_m,mk-mast-body,columnGap,0px,0px,ok
_m,mk-mast-body,rowGap,26px,26px,ok
_m,mk-mast-body,alignItems,start,start,ok
_m,mk-mast-body,marginTop,20px,20px,ok
_m,mk-mast-cta,display,flex,flex,ok
_m,mk-mast-cta,columnGap,18px,18px,ok
_m,mk-mast-cta,rowGap,10px,10px,ok
_m,mk-mast-cta,marginTop,26px,26px,ok
_m,mk-mast-cta,flexWrap,wrap,wrap,ok
_m,mk-mast-in,width,100%,viewport- or parent-relative,not-comparable
_m,mk-mast-in,maxWidth,1240px,1240px,ok
_m,mk-mast-in,marginLeft,auto,auto resolves to a used value (0px),not-comparable
_m,mk-mast-in,marginRight,auto,auto resolves to a used value (0px),not-comparable
_m,mk-mast-lede,color,"rgb(90,92,97)","rgb(90, 92, 97)",ok
_m,mk-mast-lede,fontSize,14px,14px,ok
_m,mk-mast-lede,lineHeight,1.95,27.3px,ok
_m,mk-mast-lede,marginTop,0px,0px,ok
_m,mk-mast-lede,maxWidth,30em,420px,ok
_m,mk-mast-lede,fontFamily,"'Noto Sans TC','PingFang TC','Hiragino Sans TC','Microsoft JhengHei',sans-serif","""Noto Sans TC"", ""PingFang TC"", ""Hiragino Sans TC"", ""Microsoft JhengHei"", sans-serif",ok
_m,mk-mast-lines,marginTop,30px,30px,ok
_m,mk-mast-meta,display,flex,flex,ok
_m,mk-mast-meta,justifyContent,space-between,space-between,ok
_m,mk-mast-meta,columnGap,20px,20px,ok
_m,mk-mast-meta,rowGap,6px,6px,ok
_m,mk-mast-meta,customDeclarations:flex-wrap,wrap,wrap,ok
_m,mk-mast-rule,marginTop,16px,16px,ok
_m,mk-mast-side,display,grid,grid,ok
_m,mk-mast-side,rowGap,0px,0px,ok
_m,mk-mast-side,customDeclarations:border-top,"1px solid rgba(22,24,28,.16)",no computed value,not-comparable
_m,mk-mast-side-0,display,grid,grid,ok
_m,mk-mast-side-0,gridCols,1fr auto,183.75px 156.25px,ok
_m,mk-mast-side-0,columnGap,14px,14px,ok
_m,mk-mast-side-0,alignItems,baseline,baseline,ok
_m,mk-mast-side-0,paddingTop,11px,11px,ok
_m,mk-mast-side-0,paddingBottom,11px,11px,ok
_m,mk-mast-side-1,display,grid,grid,ok
_m,mk-mast-side-1,gridCols,1fr auto,161.438px 178.562px,ok
_m,mk-mast-side-1,columnGap,14px,14px,ok
_m,mk-mast-side-1,alignItems,baseline,baseline,ok
_m,mk-mast-side-1,paddingTop,11px,11px,ok
_m,mk-mast-side-1,paddingBottom,11px,11px,ok
_m,mk-mast-side-1,customDeclarations:border-top,"1px solid rgba(22,24,28,.16)",no computed value,not-comparable
_m,mk-mast-side-2,display,grid,grid,ok
_m,mk-mast-side-2,gridCols,1fr auto,232px 108px,ok
_m,mk-mast-side-2,columnGap,14px,14px,ok
_m,mk-mast-side-2,alignItems,baseline,baseline,ok
_m,mk-mast-side-2,paddingTop,11px,11px,ok
_m,mk-mast-side-2,paddingBottom,11px,11px,ok
_m,mk-mast-side-2,customDeclarations:border-top,"1px solid rgba(22,24,28,.16)",no computed value,not-comparable
_m,mk-mast-side-3,display,grid,grid,ok
_m,mk-mast-side-3,gridCols,1fr auto,298px 42px,ok
_m,mk-mast-side-3,columnGap,14px,14px,ok
_m,mk-mast-side-3,alignItems,baseline,baseline,ok
_m,mk-mast-side-3,paddingTop,11px,11px,ok
_m,mk-mast-side-3,paddingBottom,11px,11px,ok
_m,mk-mast-side-3,customDeclarations:border-top,"1px solid rgba(22,24,28,.16)",no computed value,not-comparable
_m,mk-mast-side-4,display,grid,grid,ok
_m,mk-mast-side-4,gridCols,1fr auto,276.156px 63.8438px,ok
_m,mk-mast-side-4,columnGap,14px,14px,ok
_m,mk-mast-side-4,alignItems,baseline,baseline,ok
_m,mk-mast-side-4,paddingTop,11px,11px,ok
_m,mk-mast-side-4,paddingBottom,11px,11px,ok
_m,mk-mast-side-4,customDeclarations:border-top,"1px solid rgba(22,24,28,.16)",no computed value,not-comparable
_m,mk-mx-c-0-0,display,flex,flex,ok
_m,mk-mx-c-0-0,justifyContent,center,center,ok
_m,mk-mx-c-0-1,display,flex,flex,ok
_m,mk-mx-c-0-1,justifyContent,center,center,ok
_m,mk-mx-c-0-2,display,flex,flex,ok
_m,mk-mx-c-0-2,justifyContent,center,center,ok
_m,mk-mx-c-1-0,display,flex,flex,ok
_m,mk-mx-c-1-0,justifyContent,center,center,ok
_m,mk-mx-c-1-1,display,flex,flex,ok
_m,mk-mx-c-1-1,justifyContent,center,center,ok
_m,mk-mx-c-1-2,display,flex,flex,ok
_m,mk-mx-c-1-2,justifyContent,center,center,ok
_m,mk-mx-c-2-0,display,flex,flex,ok
_m,mk-mx-c-2-0,justifyContent,center,center,ok
_m,mk-mx-c-2-1,display,flex,flex,ok
_m,mk-mx-c-2-1,justifyContent,center,center,ok
_m,mk-mx-c-2-2,display,flex,flex,ok
_m,mk-mx-c-2-2,justifyContent,center,center,ok
_m,mk-mx-c-3-0,display,flex,flex,ok
_m,mk-mx-c-3-0,justifyContent,center,center,ok
_m,mk-mx-c-3-1,display,flex,flex,ok
_m,mk-mx-c-3-1,justifyContent,center,center,ok
_m,mk-mx-c-3-2,display,flex,flex,ok
_m,mk-mx-c-3-2,justifyContent,center,center,ok
_m,mk-mx-c-4-0,display,flex,flex,ok
_m,mk-mx-c-4-0,justifyContent,center,center,ok
_m,mk-mx-c-4-1,display,flex,flex,ok
_m,mk-mx-c-4-1,justifyContent,center,center,ok
_m,mk-mx-c-4-2,display,flex,flex,ok
_m,mk-mx-c-4-2,justifyContent,center,center,ok
_m,mk-mx-c-5-0,display,flex,flex,ok
_m,mk-mx-c-5-0,justifyContent,center,center,ok
_m,mk-mx-c-5-1,display,flex,flex,ok
_m,mk-mx-c-5-1,justifyContent,center,center,ok
_m,mk-mx-c-5-2,display,flex,flex,ok
_m,mk-mx-c-5-2,justifyContent,center,center,ok
_m,mk-mx-c-6-0,display,flex,flex,ok
_m,mk-mx-c-6-0,justifyContent,center,center,ok
_m,mk-mx-c-6-1,display,flex,flex,ok
_m,mk-mx-c-6-1,justifyContent,center,center,ok
_m,mk-mx-c-6-2,display,flex,flex,ok
_m,mk-mx-c-6-2,justifyContent,center,center,ok
_m,mk-mx-c-7-0,display,flex,flex,ok
_m,mk-mx-c-7-0,justifyContent,center,center,ok
_m,mk-mx-c-7-1,display,flex,flex,ok
_m,mk-mx-c-7-1,justifyContent,center,center,ok
_m,mk-mx-c-7-2,display,flex,flex,ok
_m,mk-mx-c-7-2,justifyContent,center,center,ok
_m,mk-mx-cols,display,grid,grid,ok
_m,mk-mx-cols,gridCols,"1fr repeat(3, 46px)",198px 46px 46px 46px,ok
_m,mk-mx-cols,columnGap,6px,6px,ok
_m,mk-mx-cols,alignItems,end,end,ok
_m,mk-mx-cols,marginTop,26px,26px,ok
_m,mk-mx-cols,paddingBottom,10px,10px,ok
_m,mk-mx-cols,customDeclarations:border-bottom,"1px solid rgba(22,24,28,.42)",no computed value,not-comparable
_m,mk-mx-h-0,display,flex,flex,ok
_m,mk-mx-h-0,justifyContent,center,center,ok
_m,mk-mx-h-1,display,flex,flex,ok
_m,mk-mx-h-1,justifyContent,center,center,ok
_m,mk-mx-h-2,display,flex,flex,ok
_m,mk-mx-h-2,justifyContent,center,center,ok
_m,mk-mx-head,display,flex,flex,ok
_m,mk-mx-head,justifyContent,space-between,space-between,ok
_m,mk-mx-head,columnGap,20px,20px,ok
_m,mk-mx-head,rowGap,8px,8px,ok
_m,mk-mx-head,alignItems,baseline,baseline,ok
_m,mk-mx-head,customDeclarations:flex-wrap,wrap,wrap,ok
_m,mk-mx-in,width,100%,viewport- or parent-relative,not-comparable
_m,mk-mx-in,maxWidth,1240px,1240px,ok
_m,mk-mx-in,marginLeft,auto,auto resolves to a used value (0px),not-comparable
_m,mk-mx-in,marginRight,auto,auto resolves to a used value (0px),not-comparable
_m,mk-mx-n-0,display,flex,flex,ok
_m,mk-mx-n-0,columnGap,12px,12px,ok
_m,mk-mx-n-0,alignItems,baseline,baseline,ok
_m,mk-mx-n-0,rowGap,2px,2px,ok
_m,mk-mx-n-0,customDeclarations:flex-wrap,wrap,wrap,ok
_m,mk-mx-n-1,display,flex,flex,ok
_m,mk-mx-n-1,columnGap,12px,12px,ok
_m,mk-mx-n-1,alignItems,baseline,baseline,ok
_m,mk-mx-n-1,rowGap,2px,2px,ok
_m,mk-mx-n-1,customDeclarations:flex-wrap,wrap,wrap,ok
_m,mk-mx-n-2,display,flex,flex,ok
_m,mk-mx-n-2,columnGap,12px,12px,ok
_m,mk-mx-n-2,alignItems,baseline,baseline,ok
_m,mk-mx-n-2,rowGap,2px,2px,ok
_m,mk-mx-n-2,customDeclarations:flex-wrap,wrap,wrap,ok
_m,mk-mx-n-3,display,flex,flex,ok
_m,mk-mx-n-3,columnGap,12px,12px,ok
_m,mk-mx-n-3,alignItems,baseline,baseline,ok
_m,mk-mx-n-3,rowGap,2px,2px,ok
_m,mk-mx-n-3,customDeclarations:flex-wrap,wrap,wrap,ok
_m,mk-mx-n-4,display,flex,flex,ok
_m,mk-mx-n-4,columnGap,12px,12px,ok
_m,mk-mx-n-4,alignItems,baseline,baseline,ok
_m,mk-mx-n-4,rowGap,2px,2px,ok
_m,mk-mx-n-4,customDeclarations:flex-wrap,wrap,wrap,ok
_m,mk-mx-n-5,display,flex,flex,ok
_m,mk-mx-n-5,columnGap,12px,12px,ok
_m,mk-mx-n-5,alignItems,baseline,baseline,ok
_m,mk-mx-n-5,rowGap,2px,2px,ok
_m,mk-mx-n-5,customDeclarations:flex-wrap,wrap,wrap,ok
_m,mk-mx-n-6,display,flex,flex,ok
_m,mk-mx-n-6,columnGap,12px,12px,ok
_m,mk-mx-n-6,alignItems,baseline,baseline,ok
_m,mk-mx-n-6,rowGap,2px,2px,ok
_m,mk-mx-n-6,customDeclarations:flex-wrap,wrap,wrap,ok
_m,mk-mx-n-7,display,flex,flex,ok
_m,mk-mx-n-7,columnGap,12px,12px,ok
_m,mk-mx-n-7,alignItems,baseline,baseline,ok
_m,mk-mx-n-7,rowGap,2px,2px,ok
_m,mk-mx-n-7,customDeclarations:flex-wrap,wrap,wrap,ok
_m,mk-mx-pad,paddingTop,52px,52px,ok
_m,mk-mx-pad,paddingBottom,52px,52px,ok
_m,mk-mx-r-0,display,grid,grid,ok
_m,mk-mx-r-0,gridCols,"1fr repeat(3, 46px)",198px 46px 46px 46px,ok
_m,mk-mx-r-0,columnGap,6px,6px,ok
_m,mk-mx-r-0,alignItems,center,center,ok
_m,mk-mx-r-0,paddingTop,11px,11px,ok
_m,mk-mx-r-0,paddingBottom,11px,11px,ok
_m,mk-mx-r-0,customDeclarations:border-bottom,"1px solid rgba(22,24,28,.16)",no computed value,not-comparable
_m,mk-mx-r-1,display,grid,grid,ok
_m,mk-mx-r-1,gridCols,"1fr repeat(3, 46px)",198px 46px 46px 46px,ok
_m,mk-mx-r-1,columnGap,6px,6px,ok
_m,mk-mx-r-1,alignItems,center,center,ok
_m,mk-mx-r-1,paddingTop,11px,11px,ok
_m,mk-mx-r-1,paddingBottom,11px,11px,ok
_m,mk-mx-r-1,customDeclarations:border-bottom,"1px solid rgba(22,24,28,.16)",no computed value,not-comparable
_m,mk-mx-r-2,display,grid,grid,ok
_m,mk-mx-r-2,gridCols,"1fr repeat(3, 46px)",198px 46px 46px 46px,ok
_m,mk-mx-r-2,columnGap,6px,6px,ok
_m,mk-mx-r-2,alignItems,center,center,ok
_m,mk-mx-r-2,paddingTop,11px,11px,ok
_m,mk-mx-r-2,paddingBottom,11px,11px,ok
_m,mk-mx-r-2,customDeclarations:border-bottom,"1px solid rgba(22,24,28,.16)",no computed value,not-comparable
_m,mk-mx-r-3,display,grid,grid,ok
_m,mk-mx-r-3,gridCols,"1fr repeat(3, 46px)",198px 46px 46px 46px,ok
_m,mk-mx-r-3,columnGap,6px,6px,ok
_m,mk-mx-r-3,alignItems,center,center,ok
_m,mk-mx-r-3,paddingTop,11px,11px,ok
_m,mk-mx-r-3,paddingBottom,11px,11px,ok
_m,mk-mx-r-3,customDeclarations:border-bottom,"1px solid rgba(22,24,28,.16)",no computed value,not-comparable
_m,mk-mx-r-4,display,grid,grid,ok
_m,mk-mx-r-4,gridCols,"1fr repeat(3, 46px)",198px 46px 46px 46px,ok
_m,mk-mx-r-4,columnGap,6px,6px,ok
_m,mk-mx-r-4,alignItems,center,center,ok
_m,mk-mx-r-4,paddingTop,11px,11px,ok
_m,mk-mx-r-4,paddingBottom,11px,11px,ok
_m,mk-mx-r-4,customDeclarations:border-bottom,"1px solid rgba(22,24,28,.16)",no computed value,not-comparable
_m,mk-mx-r-5,display,grid,grid,ok
_m,mk-mx-r-5,gridCols,"1fr repeat(3, 46px)",198px 46px 46px 46px,ok
_m,mk-mx-r-5,columnGap,6px,6px,ok
_m,mk-mx-r-5,alignItems,center,center,ok
_m,mk-mx-r-5,paddingTop,11px,11px,ok
_m,mk-mx-r-5,paddingBottom,11px,11px,ok
_m,mk-mx-r-5,customDeclarations:border-bottom,"1px solid rgba(22,24,28,.16)",no computed value,not-comparable
_m,mk-mx-r-6,display,grid,grid,ok
_m,mk-mx-r-6,gridCols,"1fr repeat(3, 46px)",198px 46px 46px 46px,ok
_m,mk-mx-r-6,columnGap,6px,6px,ok
_m,mk-mx-r-6,alignItems,center,center,ok
_m,mk-mx-r-6,paddingTop,11px,11px,ok
_m,mk-mx-r-6,paddingBottom,11px,11px,ok
_m,mk-mx-r-6,customDeclarations:border-bottom,"1px solid rgba(22,24,28,.16)",no computed value,not-comparable
_m,mk-mx-r-7,display,grid,grid,ok
_m,mk-mx-r-7,gridCols,"1fr repeat(3, 46px)",198px 46px 46px 46px,ok
_m,mk-mx-r-7,columnGap,6px,6px,ok
_m,mk-mx-r-7,alignItems,center,center,ok
_m,mk-mx-r-7,paddingTop,11px,11px,ok
_m,mk-mx-r-7,paddingBottom,11px,11px,ok
_m,mk-mx-r-7,customDeclarations:border-bottom,"1px solid rgba(22,24,28,.16)",no computed value,not-comparable
_m,mk-pan,backgroundColor,"rgb(255,90,54)","rgb(255, 90, 54)",ok
_m,mk-pan,paddingTop,22px,22px,ok
_m,mk-pan,paddingBottom,22px,22px,ok
_m,mk-pan,customDeclarations:overflow,hidden,no computed value,not-comparable
_m,mk-pan-loop,display,flex,flex,ok
_m,mk-pan-loop,columnGap,30px,30px,ok
_m,mk-pan-loop,alignItems,baseline,baseline,ok
_m,mk-pan-loop,customDeclarations:white-space,nowrap,no computed value,not-comparable
_m,mk-pan-loop,customDeclarations:width,max-content,max-content resolves to a used value (2474.22px),not-comparable
_m,mk-pan-track,customDeclarations:width,max-content,max-content resolves to a used value (2474.22px),not-comparable
_m,mk-plate-in,width,100%,viewport- or parent-relative,not-comparable
_m,mk-plate-in,maxWidth,1240px,1240px,ok
_m,mk-plate-in,marginLeft,auto,auto resolves to a used value (0px),not-comparable
_m,mk-plate-in,marginRight,auto,auto resolves to a used value (0px),not-comparable
_m,mk-plate-pad,paddingTop,62px,62px,ok
_m,mk-plate-pad,paddingBottom,62px,62px,ok
_m,mk-plate-pad,display,grid,grid,ok
_m,mk-plate-pad,gridCols,"repeat(1, 1fr)",354px,ok
_m,mk-plate-pad,columnGap,36px,36px,ok
_m,mk-plate-pad,alignItems,start,start,ok
_m,mk-plate-pad,rowGap,22px,22px,ok
_m,mk-plate-sig,marginTop,34px,34px,ok
_m,mk-plate-sig,display,flex,flex,ok
_m,mk-plate-sig,columnGap,12px,12px,ok
_m,mk-plate-sig,alignItems,center,center,ok
_m,mk-proc-0,paddingTop,20px,20px,ok
_m,mk-proc-0,paddingRight,0px,0px,ok
_m,mk-proc-0,customDeclarations:border-top,"1px solid rgba(22,24,28,.16)",no computed value,not-comparable
_m,mk-proc-1,paddingTop,20px,20px,ok
_m,mk-proc-1,paddingRight,0px,0px,ok
_m,mk-proc-1,customDeclarations:border-top,"1px solid rgba(22,24,28,.16)",no computed value,not-comparable
_m,mk-proc-2,paddingTop,20px,20px,ok
_m,mk-proc-2,paddingRight,0px,0px,ok
_m,mk-proc-2,customDeclarations:border-top,"1px solid rgba(22,24,28,.16)",no computed value,not-comparable
_m,mk-proc-3,paddingTop,20px,20px,ok
_m,mk-proc-3,paddingRight,0px,0px,ok
_m,mk-proc-3,customDeclarations:border-top,"1px solid rgba(22,24,28,.16)",no computed value,not-comparable
_m,mk-proc-grid,display,grid,grid,ok
_m,mk-proc-grid,gridCols,"repeat(1, 1fr)",354px,ok
_m,mk-proc-grid,columnGap,24px,24px,ok
_m,mk-proc-grid,rowGap,24px,24px,ok
_m,mk-proc-head,display,grid,grid,ok
_m,mk-proc-head,gridCols,48px 1fr,48px 306px,ok
_m,mk-proc-head,columnGap,0px,0px,ok
_m,mk-proc-head,alignItems,start,start,ok
_m,mk-proc-head,paddingTop,22px,22px,ok
_m,mk-proc-head,customDeclarations:border-top,"1px solid rgba(22,24,28,.16)",no computed value,not-comparable
_m,mk-proc-in,width,100%,viewport- or parent-relative,not-comparable
_m,mk-proc-in,maxWidth,1240px,1240px,ok
_m,mk-proc-in,marginLeft,auto,auto resolves to a used value (0px),not-comparable
_m,mk-proc-in,marginRight,auto,auto resolves to a used value (0px),not-comparable
_m,mk-proc-pad,paddingTop,56px,56px,ok
_m,mk-proc-track,marginTop,34px,34px,ok
_m,mk-prod-0,display,grid,grid,ok
_m,mk-prod-0,gridCols,"repeat(1, 1fr)",354px,ok
_m,mk-prod-0,columnGap,18px,18px,ok
_m,mk-prod-0,alignItems,start,start,ok
_m,mk-prod-0,paddingTop,20px,20px,ok
_m,mk-prod-0,paddingBottom,20px,20px,ok
_m,mk-prod-0,customDeclarations:border-top,"1px solid rgba(250,250,247,.18)",no computed value,not-comparable
_m,mk-prod-0,rowGap,12px,12px,ok
_m,mk-prod-1,display,grid,grid,ok
_m,mk-prod-1,gridCols,"repeat(1, 1fr)",354px,ok
_m,mk-prod-1,columnGap,18px,18px,ok
_m,mk-prod-1,alignItems,start,start,ok
_m,mk-prod-1,paddingTop,20px,20px,ok
_m,mk-prod-1,paddingBottom,20px,20px,ok
_m,mk-prod-1,customDeclarations:border-top,"1px solid rgba(250,250,247,.18)",no computed value,not-comparable
_m,mk-prod-1,rowGap,12px,12px,ok
_m,mk-prod-head,display,grid,grid,ok
_m,mk-prod-head,gridCols,48px 1fr,48px 306px,ok
_m,mk-prod-head,columnGap,0px,0px,ok
_m,mk-prod-head,alignItems,start,start,ok
_m,mk-prod-head,paddingTop,22px,22px,ok
_m,mk-prod-head,customDeclarations:border-top,"1px solid rgba(250,250,247,.18)",no computed value,not-comparable
_m,mk-prod-in,width,100%,viewport- or parent-relative,not-comparable
_m,mk-prod-in,maxWidth,1240px,1240px,ok
_m,mk-prod-in,marginLeft,auto,auto resolves to a used value (0px),not-comparable
_m,mk-prod-in,marginRight,auto,auto resolves to a used value (0px),not-comparable
_m,mk-prod-list,marginTop,28px,28px,ok
_m,mk-prod-pad,paddingTop,54px,54px,ok
_m,mk-prod-pad,paddingBottom,54px,54px,ok
_m,mk-prod-s-0,marginTop,14px,14px,ok
_m,mk-prod-s-0,customDeclarations:border,"1px solid rgba(255,90,54,.6)",no computed value,not-comparable
_m,mk-prod-s-0,customDeclarations:padding,5px 10px,no computed value,not-comparable
_m,mk-prod-s-0,customDeclarations:display,inline-block,inline-block,ok
_m,mk-prod-s-0,customDeclarations:width,max-content,max-content resolves to a used value (99.7656px),not-comparable
_m,mk-prod-s-1,marginTop,14px,14px,ok
_m,mk-prod-s-1,customDeclarations:border,"1px solid rgba(255,90,54,.6)",no computed value,not-comparable
_m,mk-prod-s-1,customDeclarations:padding,5px 10px,no computed value,not-comparable
_m,mk-prod-s-1,customDeclarations:display,inline-block,inline-block,ok
_m,mk-prod-s-1,customDeclarations:width,max-content,max-content resolves to a used value (82.4844px),not-comparable
_m,mk-spec,display,grid,grid,ok
_m,mk-spec,gridCols,"repeat(2, 1fr)",177px 177px,ok
_m,mk-spec,columnGap,0px,0px,ok
_m,mk-spec,rowGap,0px,0px,ok
_m,mk-spec,paddingTop,22px,22px,ok
_m,mk-spec,paddingBottom,58px,58px,ok
_m,mk-spec-0,paddingRight,12px,12px,ok
_m,mk-spec-0,paddingLeft,0px,0px,ok
_m,mk-spec-0,customDeclarations:border-left,0,no computed value,not-comparable
_m,mk-spec-0,customDeclarations:border-top,0,no computed value,not-comparable
_m,mk-spec-0,paddingTop,18px,18px,ok
_m,mk-spec-0,paddingBottom,18px,18px,ok
_m,mk-spec-1,paddingRight,12px,12px,ok
_m,mk-spec-1,paddingLeft,14px,14px,ok
_m,mk-spec-1,customDeclarations:border-left,"1px solid rgba(22,24,28,.16)",no computed value,not-comparable
_m,mk-spec-1,customDeclarations:border-top,0,no computed value,not-comparable
_m,mk-spec-1,paddingTop,18px,18px,ok
_m,mk-spec-1,paddingBottom,18px,18px,ok
_m,mk-spec-2,paddingRight,12px,12px,ok
_m,mk-spec-2,paddingLeft,0px,0px,ok
_m,mk-spec-2,customDeclarations:border-left,0,no computed value,not-comparable
_m,mk-spec-2,customDeclarations:border-top,"1px solid rgba(22,24,28,.16)",no computed value,not-comparable
_m,mk-spec-2,paddingTop,18px,18px,ok
_m,mk-spec-2,paddingBottom,18px,18px,ok
_m,mk-spec-3,paddingRight,12px,12px,ok
_m,mk-spec-3,paddingLeft,14px,14px,ok
_m,mk-spec-3,customDeclarations:border-left,"1px solid rgba(22,24,28,.16)",no computed value,not-comparable
_m,mk-spec-3,customDeclarations:border-top,"1px solid rgba(22,24,28,.16)",no computed value,not-comparable
_m,mk-spec-3,paddingTop,18px,18px,ok
_m,mk-spec-3,paddingBottom,18px,18px,ok
_m,mk-spec-n-0,display,flex,flex,ok
_m,mk-spec-n-0,alignItems,baseline,baseline,ok
_m,mk-spec-n-0,columnGap,3px,3px,ok
_m,mk-spec-n-0,marginTop,12px,12px,ok
_m,mk-spec-n-1,display,flex,flex,ok
_m,mk-spec-n-1,alignItems,baseline,baseline,ok
_m,mk-spec-n-1,columnGap,3px,3px,ok
_m,mk-spec-n-1,marginTop,12px,12px,ok
_m,mk-spec-n-2,display,flex,flex,ok
_m,mk-spec-n-2,alignItems,baseline,baseline,ok
_m,mk-spec-n-2,columnGap,3px,3px,ok
_m,mk-spec-n-2,marginTop,12px,12px,ok
_m,mk-spec-n-3,display,flex,flex,ok
_m,mk-spec-n-3,alignItems,baseline,baseline,ok
_m,mk-spec-n-3,columnGap,3px,3px,ok
_m,mk-spec-n-3,marginTop,12px,12px,ok
_m,mk-spec-rule,marginTop,40px,40px,ok
_m,mk-spec2-head,display,flex,flex,ok
_m,mk-spec2-head,justifyContent,space-between,space-between,ok
_m,mk-spec2-head,columnGap,20px,20px,ok
_m,mk-spec2-head,rowGap,8px,8px,ok
_m,mk-spec2-head,customDeclarations:flex-wrap,wrap,wrap,ok
_m,mk-spec2-in,width,100%,viewport- or parent-relative,not-comparable
_m,mk-spec2-in,maxWidth,1240px,1240px,ok
_m,mk-spec2-in,marginLeft,auto,auto resolves to a used value (0px),not-comparable
_m,mk-spec2-in,marginRight,auto,auto resolves to a used value (0px),not-comparable
_m,mk-spec2-pad,paddingTop,58px,58px,ok
_m,mk-spec2-pad,paddingBottom,58px,58px,ok
_m,mk-spec2-r-0,display,grid,grid,ok
_m,mk-spec2-r-0,gridCols,1fr,354px,ok
_m,mk-spec2-r-0,columnGap,28px,28px,ok
_m,mk-spec2-r-0,alignItems,baseline,baseline,ok
_m,mk-spec2-r-0,paddingTop,14px,14px,ok
_m,mk-spec2-r-0,paddingBottom,14px,14px,ok
_m,mk-spec2-r-0,customDeclarations:border-top,"1px solid rgba(250,250,247,.18)",no computed value,not-comparable
_m,mk-spec2-r-0,rowGap,6px,6px,ok
_m,mk-spec2-r-1,display,grid,grid,ok
_m,mk-spec2-r-1,gridCols,1fr,354px,ok
_m,mk-spec2-r-1,columnGap,28px,28px,ok
_m,mk-spec2-r-1,alignItems,baseline,baseline,ok
_m,mk-spec2-r-1,paddingTop,14px,14px,ok
_m,mk-spec2-r-1,paddingBottom,14px,14px,ok
_m,mk-spec2-r-1,customDeclarations:border-top,"1px solid rgba(250,250,247,.18)",no computed value,not-comparable
_m,mk-spec2-r-1,rowGap,6px,6px,ok
_m,mk-spec2-r-2,display,grid,grid,ok
_m,mk-spec2-r-2,gridCols,1fr,354px,ok
_m,mk-spec2-r-2,columnGap,28px,28px,ok
_m,mk-spec2-r-2,alignItems,baseline,baseline,ok
_m,mk-spec2-r-2,paddingTop,14px,14px,ok
_m,mk-spec2-r-2,paddingBottom,14px,14px,ok
_m,mk-spec2-r-2,customDeclarations:border-top,"1px solid rgba(250,250,247,.18)",no computed value,not-comparable
_m,mk-spec2-r-2,rowGap,6px,6px,ok
_m,mk-spec2-r-3,display,grid,grid,ok
_m,mk-spec2-r-3,gridCols,1fr,354px,ok
_m,mk-spec2-r-3,columnGap,28px,28px,ok
_m,mk-spec2-r-3,alignItems,baseline,baseline,ok
_m,mk-spec2-r-3,paddingTop,14px,14px,ok
_m,mk-spec2-r-3,paddingBottom,14px,14px,ok
_m,mk-spec2-r-3,customDeclarations:border-top,"1px solid rgba(250,250,247,.18)",no computed value,not-comparable
_m,mk-spec2-r-3,rowGap,6px,6px,ok
_m,mk-spec2-rows,marginTop,26px,26px,ok
_m,mk-stack-0,display,grid,grid,ok
_m,mk-stack-0,gridCols,1fr,354px,ok
_m,mk-stack-0,columnGap,24px,24px,ok
_m,mk-stack-0,alignItems,baseline,baseline,ok
_m,mk-stack-0,paddingTop,16px,16px,ok
_m,mk-stack-0,paddingBottom,16px,16px,ok
_m,mk-stack-0,customDeclarations:border-top,"1px solid rgba(22,24,28,.16)",no computed value,not-comparable
_m,mk-stack-0,customDeclarations:animation,mk-rise both,no computed value,not-comparable
_m,mk-stack-0,customDeclarations:animation-timeline,view(),view(),ok
_m,mk-stack-0,customDeclarations:animation-range,entry 2% cover 18%,no computed value,not-comparable
_m,mk-stack-0,rowGap,10px,10px,ok
_m,mk-stack-1,display,grid,grid,ok
_m,mk-stack-1,gridCols,1fr,354px,ok
_m,mk-stack-1,columnGap,24px,24px,ok
_m,mk-stack-1,alignItems,baseline,baseline,ok
_m,mk-stack-1,paddingTop,16px,16px,ok
_m,mk-stack-1,paddingBottom,16px,16px,ok
_m,mk-stack-1,customDeclarations:border-top,"1px solid rgba(22,24,28,.16)",no computed value,not-comparable
_m,mk-stack-1,customDeclarations:animation,mk-rise both,no computed value,not-comparable
_m,mk-stack-1,customDeclarations:animation-timeline,view(),view(),ok
_m,mk-stack-1,customDeclarations:animation-range,entry 6% cover 22%,no computed value,not-comparable
_m,mk-stack-1,rowGap,10px,10px,ok
_m,mk-stack-2,display,grid,grid,ok
_m,mk-stack-2,gridCols,1fr,354px,ok
_m,mk-stack-2,columnGap,24px,24px,ok
_m,mk-stack-2,alignItems,baseline,baseline,ok
_m,mk-stack-2,paddingTop,16px,16px,ok
_m,mk-stack-2,paddingBottom,16px,16px,ok
_m,mk-stack-2,customDeclarations:border-top,"1px solid rgba(22,24,28,.16)",no computed value,not-comparable
_m,mk-stack-2,customDeclarations:animation,mk-rise both,no computed value,not-comparable
_m,mk-stack-2,customDeclarations:animation-timeline,view(),view(),ok
_m,mk-stack-2,customDeclarations:animation-range,entry 10% cover 26%,no computed value,not-comparable
_m,mk-stack-2,rowGap,10px,10px,ok
_m,mk-stack-3,display,grid,grid,ok
_m,mk-stack-3,gridCols,1fr,354px,ok
_m,mk-stack-3,columnGap,24px,24px,ok
_m,mk-stack-3,alignItems,baseline,baseline,ok
_m,mk-stack-3,paddingTop,16px,16px,ok
_m,mk-stack-3,paddingBottom,16px,16px,ok
_m,mk-stack-3,customDeclarations:border-top,"1px solid rgba(22,24,28,.16)",no computed value,not-comparable
_m,mk-stack-3,customDeclarations:animation,mk-rise both,no computed value,not-comparable
_m,mk-stack-3,customDeclarations:animation-timeline,view(),view(),ok
_m,mk-stack-3,customDeclarations:animation-range,entry 14% cover 30%,no computed value,not-comparable
_m,mk-stack-3,rowGap,10px,10px,ok
_m,mk-stack-4,display,grid,grid,ok
_m,mk-stack-4,gridCols,1fr,354px,ok
_m,mk-stack-4,columnGap,24px,24px,ok
_m,mk-stack-4,alignItems,baseline,baseline,ok
_m,mk-stack-4,paddingTop,16px,16px,ok
_m,mk-stack-4,paddingBottom,16px,16px,ok
_m,mk-stack-4,customDeclarations:border-top,"1px solid rgba(22,24,28,.16)",no computed value,not-comparable
_m,mk-stack-4,customDeclarations:animation,mk-rise both,no computed value,not-comparable
_m,mk-stack-4,customDeclarations:animation-timeline,view(),view(),ok
_m,mk-stack-4,customDeclarations:animation-range,entry 18% cover 34%,no computed value,not-comparable
_m,mk-stack-4,rowGap,10px,10px,ok
_m,mk-stack-5,display,grid,grid,ok
_m,mk-stack-5,gridCols,1fr,354px,ok
_m,mk-stack-5,columnGap,24px,24px,ok
_m,mk-stack-5,alignItems,baseline,baseline,ok
_m,mk-stack-5,paddingTop,16px,16px,ok
_m,mk-stack-5,paddingBottom,16px,16px,ok
_m,mk-stack-5,customDeclarations:border-top,"1px solid rgba(22,24,28,.16)",no computed value,not-comparable
_m,mk-stack-5,customDeclarations:animation,mk-rise both,no computed value,not-comparable
_m,mk-stack-5,customDeclarations:animation-timeline,view(),view(),ok
_m,mk-stack-5,customDeclarations:animation-range,entry 22% cover 38%,no computed value,not-comparable
_m,mk-stack-5,rowGap,10px,10px,ok
_m,mk-stack-6,display,grid,grid,ok
_m,mk-stack-6,gridCols,1fr,354px,ok
_m,mk-stack-6,columnGap,24px,24px,ok
_m,mk-stack-6,alignItems,baseline,baseline,ok
_m,mk-stack-6,paddingTop,16px,16px,ok
_m,mk-stack-6,paddingBottom,16px,16px,ok
_m,mk-stack-6,customDeclarations:border-top,"1px solid rgba(22,24,28,.16)",no computed value,not-comparable
_m,mk-stack-6,customDeclarations:animation,mk-rise both,no computed value,not-comparable
_m,mk-stack-6,customDeclarations:animation-timeline,view(),view(),ok
_m,mk-stack-6,customDeclarations:animation-range,entry 26% cover 42%,no computed value,not-comparable
_m,mk-stack-6,rowGap,10px,10px,ok
_m,mk-stack-7,display,grid,grid,ok
_m,mk-stack-7,gridCols,1fr,354px,ok
_m,mk-stack-7,columnGap,24px,24px,ok
_m,mk-stack-7,alignItems,baseline,baseline,ok
_m,mk-stack-7,paddingTop,16px,16px,ok
_m,mk-stack-7,paddingBottom,16px,16px,ok
_m,mk-stack-7,customDeclarations:border-top,"1px solid rgba(22,24,28,.16)",no computed value,not-comparable
_m,mk-stack-7,customDeclarations:animation,mk-rise both,no computed value,not-comparable
_m,mk-stack-7,customDeclarations:animation-timeline,view(),view(),ok
_m,mk-stack-7,customDeclarations:animation-range,entry 30% cover 46%,no computed value,not-comparable
_m,mk-stack-7,rowGap,10px,10px,ok
_m,mk-stack-head,display,grid,grid,ok
_m,mk-stack-head,gridCols,48px 1fr,48px 306px,ok
_m,mk-stack-head,columnGap,0px,0px,ok
_m,mk-stack-head,alignItems,start,start,ok
_m,mk-stack-head,paddingTop,22px,22px,ok
_m,mk-stack-head,customDeclarations:border-top,"1px solid rgba(22,24,28,.16)",no computed value,not-comparable
_m,mk-stack-in,width,100%,viewport- or parent-relative,not-comparable
_m,mk-stack-in,maxWidth,1240px,1240px,ok
_m,mk-stack-in,marginLeft,auto,auto resolves to a used value (0px),not-comparable
_m,mk-stack-in,marginRight,auto,auto resolves to a used value (0px),not-comparable
_m,mk-stack-list,marginTop,32px,32px,ok
_m,mk-stack-pad,paddingTop,56px,56px,ok
_m,mk-stack-tags-0,display,flex,flex,ok
_m,mk-stack-tags-0,columnGap,8px,8px,ok
_m,mk-stack-tags-0,rowGap,8px,8px,ok
_m,mk-stack-tags-0,customDeclarations:flex-wrap,wrap,wrap,ok
_m,mk-stack-tags-1,display,flex,flex,ok
_m,mk-stack-tags-1,columnGap,8px,8px,ok
_m,mk-stack-tags-1,rowGap,8px,8px,ok
_m,mk-stack-tags-1,customDeclarations:flex-wrap,wrap,wrap,ok
_m,mk-stack-tags-2,display,flex,flex,ok
_m,mk-stack-tags-2,columnGap,8px,8px,ok
_m,mk-stack-tags-2,rowGap,8px,8px,ok
_m,mk-stack-tags-2,customDeclarations:flex-wrap,wrap,wrap,ok
_m,mk-stack-tags-3,display,flex,flex,ok
_m,mk-stack-tags-3,columnGap,8px,8px,ok
_m,mk-stack-tags-3,rowGap,8px,8px,ok
_m,mk-stack-tags-3,customDeclarations:flex-wrap,wrap,wrap,ok
_m,mk-stack-tags-4,display,flex,flex,ok
_m,mk-stack-tags-4,columnGap,8px,8px,ok
_m,mk-stack-tags-4,rowGap,8px,8px,ok
_m,mk-stack-tags-4,customDeclarations:flex-wrap,wrap,wrap,ok
_m,mk-stack-tags-5,display,flex,flex,ok
_m,mk-stack-tags-5,columnGap,8px,8px,ok
_m,mk-stack-tags-5,rowGap,8px,8px,ok
_m,mk-stack-tags-5,customDeclarations:flex-wrap,wrap,wrap,ok
_m,mk-stack-tags-6,display,flex,flex,ok
_m,mk-stack-tags-6,columnGap,8px,8px,ok
_m,mk-stack-tags-6,rowGap,8px,8px,ok
_m,mk-stack-tags-6,customDeclarations:flex-wrap,wrap,wrap,ok
_m,mk-stack-tags-7,display,flex,flex,ok
_m,mk-stack-tags-7,columnGap,8px,8px,ok
_m,mk-stack-tags-7,rowGap,8px,8px,ok
_m,mk-stack-tags-7,customDeclarations:flex-wrap,wrap,wrap,ok
_m,mk-svc-0-svc-body,color,"rgb(90,92,97)","rgb(90, 92, 97)",ok
_m,mk-svc-0-svc-body,fontSize,13px,13px,ok
_m,mk-svc-0-svc-body,lineHeight,2,26px,ok
_m,mk-svc-0-svc-en,color,"rgb(191,68,40)","rgb(191, 68, 40)",ok
_m,mk-svc-0-svc-en,fontSize,10px,10px,ok
_m,mk-svc-0-svc-en,fontFamily,"'IBM Plex Mono',ui-monospace,SFMono-Regular,Menlo,Consolas,monospace","""IBM Plex Mono"", ui-monospace, SFMono-Regular, Menlo, Consolas, monospace",ok
_m,mk-svc-0-svc-en,letterSpacing,0.16em,1.6px,ok
_m,mk-svc-0-svc-num,color,"rgb(107,109,113)","rgb(107, 109, 113)",ok
_m,mk-svc-0-svc-num,fontSize,12px,12px,ok
_m,mk-svc-0-svc-num,fontFamily,"'IBM Plex Mono',ui-monospace,SFMono-Regular,Menlo,Consolas,monospace","""IBM Plex Mono"", ui-monospace, SFMono-Regular, Menlo, Consolas, monospace",ok
_m,mk-svc-0-svc-num,letterSpacing,0.06em,0.72px,ok
_m,mk-svc-0-svc-row,display,grid,grid,ok
_m,mk-svc-0-svc-row,gridCols,"repeat(1, 1fr)",354px,ok
_m,mk-svc-0-svc-row,columnGap,18px,18px,ok
_m,mk-svc-0-svc-row,alignItems,start,start,ok
_m,mk-svc-0-svc-row,paddingTop,20px,20px,ok
_m,mk-svc-0-svc-row,paddingBottom,20px,20px,ok
_m,mk-svc-0-svc-row,customDeclarations:border-top,"1px solid rgba(22,24,28,.16)",no computed value,not-comparable
_m,mk-svc-0-svc-row,rowGap,10px,10px,ok
_m,mk-svc-0-svc-zh,color,"rgb(22,24,28)","rgb(22, 24, 28)",ok
_m,mk-svc-0-svc-zh,fontSize,19px,19px,ok
_m,mk-svc-0-svc-zh,fontWeight,500,500,ok
_m,mk-svc-0-svc-zh,marginTop,9px,9px,ok
_m,mk-svc-0-svc-zh,fontFamily,"'Noto Sans TC','PingFang TC','Hiragino Sans TC','Microsoft JhengHei',sans-serif","""Noto Sans TC"", ""PingFang TC"", ""Hiragino Sans TC"", ""Microsoft JhengHei"", sans-serif",ok
_m,mk-svc-0-svc-zh,letterSpacing,0.01em,0.19px,ok
_m,mk-svc-1-svc-body,color,"rgb(90,92,97)","rgb(90, 92, 97)",ok
_m,mk-svc-1-svc-body,fontSize,13px,13px,ok
_m,mk-svc-1-svc-body,lineHeight,2,26px,ok
_m,mk-svc-1-svc-en,color,"rgb(191,68,40)","rgb(191, 68, 40)",ok
_m,mk-svc-1-svc-en,fontSize,10px,10px,ok
_m,mk-svc-1-svc-en,fontFamily,"'IBM Plex Mono',ui-monospace,SFMono-Regular,Menlo,Consolas,monospace","""IBM Plex Mono"", ui-monospace, SFMono-Regular, Menlo, Consolas, monospace",ok
_m,mk-svc-1-svc-en,letterSpacing,0.16em,1.6px,ok
_m,mk-svc-1-svc-num,color,"rgb(107,109,113)","rgb(107, 109, 113)",ok
_m,mk-svc-1-svc-num,fontSize,12px,12px,ok
_m,mk-svc-1-svc-num,fontFamily,"'IBM Plex Mono',ui-monospace,SFMono-Regular,Menlo,Consolas,monospace","""IBM Plex Mono"", ui-monospace, SFMono-Regular, Menlo, Consolas, monospace",ok
_m,mk-svc-1-svc-num,letterSpacing,0.06em,0.72px,ok
_m,mk-svc-1-svc-row,display,grid,grid,ok
_m,mk-svc-1-svc-row,gridCols,"repeat(1, 1fr)",354px,ok
_m,mk-svc-1-svc-row,columnGap,18px,18px,ok
_m,mk-svc-1-svc-row,alignItems,start,start,ok
_m,mk-svc-1-svc-row,paddingTop,20px,20px,ok
_m,mk-svc-1-svc-row,paddingBottom,20px,20px,ok
_m,mk-svc-1-svc-row,customDeclarations:border-top,"1px solid rgba(22,24,28,.16)",no computed value,not-comparable
_m,mk-svc-1-svc-row,rowGap,10px,10px,ok
_m,mk-svc-1-svc-zh,color,"rgb(22,24,28)","rgb(22, 24, 28)",ok
_m,mk-svc-1-svc-zh,fontSize,19px,19px,ok
_m,mk-svc-1-svc-zh,fontWeight,500,500,ok
_m,mk-svc-1-svc-zh,marginTop,9px,9px,ok
_m,mk-svc-1-svc-zh,fontFamily,"'Noto Sans TC','PingFang TC','Hiragino Sans TC','Microsoft JhengHei',sans-serif","""Noto Sans TC"", ""PingFang TC"", ""Hiragino Sans TC"", ""Microsoft JhengHei"", sans-serif",ok
_m,mk-svc-1-svc-zh,letterSpacing,0.01em,0.19px,ok
_m,mk-svc-2-svc-body,color,"rgb(90,92,97)","rgb(90, 92, 97)",ok
_m,mk-svc-2-svc-body,fontSize,13px,13px,ok
_m,mk-svc-2-svc-body,lineHeight,2,26px,ok
_m,mk-svc-2-svc-en,color,"rgb(191,68,40)","rgb(191, 68, 40)",ok
_m,mk-svc-2-svc-en,fontSize,10px,10px,ok
_m,mk-svc-2-svc-en,fontFamily,"'IBM Plex Mono',ui-monospace,SFMono-Regular,Menlo,Consolas,monospace","""IBM Plex Mono"", ui-monospace, SFMono-Regular, Menlo, Consolas, monospace",ok
_m,mk-svc-2-svc-en,letterSpacing,0.16em,1.6px,ok
_m,mk-svc-2-svc-num,color,"rgb(107,109,113)","rgb(107, 109, 113)",ok
_m,mk-svc-2-svc-num,fontSize,12px,12px,ok
_m,mk-svc-2-svc-num,fontFamily,"'IBM Plex Mono',ui-monospace,SFMono-Regular,Menlo,Consolas,monospace","""IBM Plex Mono"", ui-monospace, SFMono-Regular, Menlo, Consolas, monospace",ok
_m,mk-svc-2-svc-num,letterSpacing,0.06em,0.72px,ok
_m,mk-svc-2-svc-row,display,grid,grid,ok
_m,mk-svc-2-svc-row,gridCols,"repeat(1, 1fr)",354px,ok
_m,mk-svc-2-svc-row,columnGap,18px,18px,ok
_m,mk-svc-2-svc-row,alignItems,start,start,ok
_m,mk-svc-2-svc-row,paddingTop,20px,20px,ok
_m,mk-svc-2-svc-row,paddingBottom,20px,20px,ok
_m,mk-svc-2-svc-row,customDeclarations:border-top,"1px solid rgba(22,24,28,.16)",no computed value,not-comparable
_m,mk-svc-2-svc-row,rowGap,10px,10px,ok
_m,mk-svc-2-svc-zh,color,"rgb(22,24,28)","rgb(22, 24, 28)",ok
_m,mk-svc-2-svc-zh,fontSize,19px,19px,ok
_m,mk-svc-2-svc-zh,fontWeight,500,500,ok
_m,mk-svc-2-svc-zh,marginTop,9px,9px,ok
_m,mk-svc-2-svc-zh,fontFamily,"'Noto Sans TC','PingFang TC','Hiragino Sans TC','Microsoft JhengHei',sans-serif","""Noto Sans TC"", ""PingFang TC"", ""Hiragino Sans TC"", ""Microsoft JhengHei"", sans-serif",ok
_m,mk-svc-2-svc-zh,letterSpacing,0.01em,0.19px,ok
_m,mk-svc-3-svc-body,color,"rgb(90,92,97)","rgb(90, 92, 97)",ok
_m,mk-svc-3-svc-body,fontSize,13px,13px,ok
_m,mk-svc-3-svc-body,lineHeight,2,26px,ok
_m,mk-svc-3-svc-en,color,"rgb(191,68,40)","rgb(191, 68, 40)",ok
_m,mk-svc-3-svc-en,fontSize,10px,10px,ok
_m,mk-svc-3-svc-en,fontFamily,"'IBM Plex Mono',ui-monospace,SFMono-Regular,Menlo,Consolas,monospace","""IBM Plex Mono"", ui-monospace, SFMono-Regular, Menlo, Consolas, monospace",ok
_m,mk-svc-3-svc-en,letterSpacing,0.16em,1.6px,ok
_m,mk-svc-3-svc-num,color,"rgb(107,109,113)","rgb(107, 109, 113)",ok
_m,mk-svc-3-svc-num,fontSize,12px,12px,ok
_m,mk-svc-3-svc-num,fontFamily,"'IBM Plex Mono',ui-monospace,SFMono-Regular,Menlo,Consolas,monospace","""IBM Plex Mono"", ui-monospace, SFMono-Regular, Menlo, Consolas, monospace",ok
_m,mk-svc-3-svc-num,letterSpacing,0.06em,0.72px,ok
_m,mk-svc-3-svc-row,display,grid,grid,ok
_m,mk-svc-3-svc-row,gridCols,"repeat(1, 1fr)",354px,ok
_m,mk-svc-3-svc-row,columnGap,18px,18px,ok
_m,mk-svc-3-svc-row,alignItems,start,start,ok
_m,mk-svc-3-svc-row,paddingTop,20px,20px,ok
_m,mk-svc-3-svc-row,paddingBottom,20px,20px,ok
_m,mk-svc-3-svc-row,customDeclarations:border-top,"1px solid rgba(22,24,28,.16)",no computed value,not-comparable
_m,mk-svc-3-svc-row,rowGap,10px,10px,ok
_m,mk-svc-3-svc-zh,color,"rgb(22,24,28)","rgb(22, 24, 28)",ok
_m,mk-svc-3-svc-zh,fontSize,19px,19px,ok
_m,mk-svc-3-svc-zh,fontWeight,500,500,ok
_m,mk-svc-3-svc-zh,marginTop,9px,9px,ok
_m,mk-svc-3-svc-zh,fontFamily,"'Noto Sans TC','PingFang TC','Hiragino Sans TC','Microsoft JhengHei',sans-serif","""Noto Sans TC"", ""PingFang TC"", ""Hiragino Sans TC"", ""Microsoft JhengHei"", sans-serif",ok
_m,mk-svc-3-svc-zh,letterSpacing,0.01em,0.19px,ok
_m,mk-svc-head,display,grid,grid,ok
_m,mk-svc-head,gridCols,48px 1fr,48px 306px,ok
_m,mk-svc-head,columnGap,0px,0px,ok
_m,mk-svc-head,alignItems,start,start,ok
_m,mk-svc-head,paddingTop,22px,22px,ok
_m,mk-svc-head,customDeclarations:border-top,"1px solid rgba(22,24,28,.16)",no computed value,not-comparable
_m,mk-svc-in,width,100%,viewport- or parent-relative,not-comparable
_m,mk-svc-in,maxWidth,1240px,1240px,ok
_m,mk-svc-in,marginLeft,auto,auto resolves to a used value (0px),not-comparable
_m,mk-svc-in,marginRight,auto,auto resolves to a used value (0px),not-comparable
_m,mk-svc-list,marginTop,32px,32px,ok
_m,mk-svc-pad,paddingTop,56px,56px,ok
_m,mk-tag-0-0,customDeclarations:border,"1px solid rgba(22,24,28,.16)",no computed value,not-comparable
_m,mk-tag-0-0,customDeclarations:padding,5px 10px,no computed value,not-comparable
_m,mk-tag-0-0,customDeclarations:transition,"border-color .2s ease,color .2s ease",composite or raw value,not-comparable
_m,mk-tag-0-1,customDeclarations:border,"1px solid rgba(22,24,28,.16)",no computed value,not-comparable
_m,mk-tag-0-1,customDeclarations:padding,5px 10px,no computed value,not-comparable
_m,mk-tag-0-1,customDeclarations:transition,"border-color .2s ease,color .2s ease",composite or raw value,not-comparable
_m,mk-tag-0-2,customDeclarations:border,"1px solid rgba(22,24,28,.16)",no computed value,not-comparable
_m,mk-tag-0-2,customDeclarations:padding,5px 10px,no computed value,not-comparable
_m,mk-tag-0-2,customDeclarations:transition,"border-color .2s ease,color .2s ease",composite or raw value,not-comparable
_m,mk-tag-0-3,customDeclarations:border,"1px solid rgba(22,24,28,.16)",no computed value,not-comparable
_m,mk-tag-0-3,customDeclarations:padding,5px 10px,no computed value,not-comparable
_m,mk-tag-0-3,customDeclarations:transition,"border-color .2s ease,color .2s ease",composite or raw value,not-comparable
_m,mk-tag-0-4,customDeclarations:border,"1px solid rgba(22,24,28,.16)",no computed value,not-comparable
_m,mk-tag-0-4,customDeclarations:padding,5px 10px,no computed value,not-comparable
_m,mk-tag-0-4,customDeclarations:transition,"border-color .2s ease,color .2s ease",composite or raw value,not-comparable
_m,mk-tag-1-0,customDeclarations:border,"1px solid rgba(22,24,28,.16)",no computed value,not-comparable
_m,mk-tag-1-0,customDeclarations:padding,5px 10px,no computed value,not-comparable
_m,mk-tag-1-0,customDeclarations:transition,"border-color .2s ease,color .2s ease",composite or raw value,not-comparable
_m,mk-tag-1-1,customDeclarations:border,"1px solid rgba(22,24,28,.16)",no computed value,not-comparable
_m,mk-tag-1-1,customDeclarations:padding,5px 10px,no computed value,not-comparable
_m,mk-tag-1-1,customDeclarations:transition,"border-color .2s ease,color .2s ease",composite or raw value,not-comparable
_m,mk-tag-1-2,customDeclarations:border,"1px solid rgba(22,24,28,.16)",no computed value,not-comparable
_m,mk-tag-1-2,customDeclarations:padding,5px 10px,no computed value,not-comparable
_m,mk-tag-1-2,customDeclarations:transition,"border-color .2s ease,color .2s ease",composite or raw value,not-comparable
_m,mk-tag-1-3,customDeclarations:border,"1px solid rgba(22,24,28,.16)",no computed value,not-comparable
_m,mk-tag-1-3,customDeclarations:padding,5px 10px,no computed value,not-comparable
_m,mk-tag-1-3,customDeclarations:transition,"border-color .2s ease,color .2s ease",composite or raw value,not-comparable
_m,mk-tag-2-0,customDeclarations:border,"1px solid rgba(22,24,28,.16)",no computed value,not-comparable
_m,mk-tag-2-0,customDeclarations:padding,5px 10px,no computed value,not-comparable
_m,mk-tag-2-0,customDeclarations:transition,"border-color .2s ease,color .2s ease",composite or raw value,not-comparable
_m,mk-tag-2-1,customDeclarations:border,"1px solid rgba(22,24,28,.16)",no computed value,not-comparable
_m,mk-tag-2-1,customDeclarations:padding,5px 10px,no computed value,not-comparable
_m,mk-tag-2-1,customDeclarations:transition,"border-color .2s ease,color .2s ease",composite or raw value,not-comparable
_m,mk-tag-2-2,customDeclarations:border,"1px solid rgba(22,24,28,.16)",no computed value,not-comparable
_m,mk-tag-2-2,customDeclarations:padding,5px 10px,no computed value,not-comparable
_m,mk-tag-2-2,customDeclarations:transition,"border-color .2s ease,color .2s ease",composite or raw value,not-comparable
_m,mk-tag-2-3,customDeclarations:border,"1px solid rgba(22,24,28,.16)",no computed value,not-comparable
_m,mk-tag-2-3,customDeclarations:padding,5px 10px,no computed value,not-comparable
_m,mk-tag-2-3,customDeclarations:transition,"border-color .2s ease,color .2s ease",composite or raw value,not-comparable
_m,mk-tag-2-4,customDeclarations:border,"1px solid rgba(22,24,28,.16)",no computed value,not-comparable
_m,mk-tag-2-4,customDeclarations:padding,5px 10px,no computed value,not-comparable
_m,mk-tag-2-4,customDeclarations:transition,"border-color .2s ease,color .2s ease",composite or raw value,not-comparable
_m,mk-tag-3-0,customDeclarations:border,"1px solid rgba(22,24,28,.16)",no computed value,not-comparable
_m,mk-tag-3-0,customDeclarations:padding,5px 10px,no computed value,not-comparable
_m,mk-tag-3-0,customDeclarations:transition,"border-color .2s ease,color .2s ease",composite or raw value,not-comparable
_m,mk-tag-3-1,customDeclarations:border,"1px solid rgba(22,24,28,.16)",no computed value,not-comparable
_m,mk-tag-3-1,customDeclarations:padding,5px 10px,no computed value,not-comparable
_m,mk-tag-3-1,customDeclarations:transition,"border-color .2s ease,color .2s ease",composite or raw value,not-comparable
_m,mk-tag-3-2,customDeclarations:border,"1px solid rgba(22,24,28,.16)",no computed value,not-comparable
_m,mk-tag-3-2,customDeclarations:padding,5px 10px,no computed value,not-comparable
_m,mk-tag-3-2,customDeclarations:transition,"border-color .2s ease,color .2s ease",composite or raw value,not-comparable
_m,mk-tag-3-3,customDeclarations:border,"1px solid rgba(22,24,28,.16)",no computed value,not-comparable
_m,mk-tag-3-3,customDeclarations:padding,5px 10px,no computed value,not-comparable
_m,mk-tag-3-3,customDeclarations:transition,"border-color .2s ease,color .2s ease",composite or raw value,not-comparable
_m,mk-tag-4-0,customDeclarations:border,"1px solid rgba(22,24,28,.16)",no computed value,not-comparable
_m,mk-tag-4-0,customDeclarations:padding,5px 10px,no computed value,not-comparable
_m,mk-tag-4-0,customDeclarations:transition,"border-color .2s ease,color .2s ease",composite or raw value,not-comparable
_m,mk-tag-4-1,customDeclarations:border,"1px solid rgba(22,24,28,.16)",no computed value,not-comparable
_m,mk-tag-4-1,customDeclarations:padding,5px 10px,no computed value,not-comparable
_m,mk-tag-4-1,customDeclarations:transition,"border-color .2s ease,color .2s ease",composite or raw value,not-comparable
_m,mk-tag-4-2,customDeclarations:border,"1px solid rgba(22,24,28,.16)",no computed value,not-comparable
_m,mk-tag-4-2,customDeclarations:padding,5px 10px,no computed value,not-comparable
_m,mk-tag-4-2,customDeclarations:transition,"border-color .2s ease,color .2s ease",composite or raw value,not-comparable
_m,mk-tag-4-3,customDeclarations:border,"1px solid rgba(22,24,28,.16)",no computed value,not-comparable
_m,mk-tag-4-3,customDeclarations:padding,5px 10px,no computed value,not-comparable
_m,mk-tag-4-3,customDeclarations:transition,"border-color .2s ease,color .2s ease",composite or raw value,not-comparable
_m,mk-tag-5-0,customDeclarations:border,"1px solid rgba(22,24,28,.16)",no computed value,not-comparable
_m,mk-tag-5-0,customDeclarations:padding,5px 10px,no computed value,not-comparable
_m,mk-tag-5-0,customDeclarations:transition,"border-color .2s ease,color .2s ease",composite or raw value,not-comparable
_m,mk-tag-5-1,customDeclarations:border,"1px solid rgba(22,24,28,.16)",no computed value,not-comparable
_m,mk-tag-5-1,customDeclarations:padding,5px 10px,no computed value,not-comparable
_m,mk-tag-5-1,customDeclarations:transition,"border-color .2s ease,color .2s ease",composite or raw value,not-comparable
_m,mk-tag-5-2,customDeclarations:border,"1px solid rgba(22,24,28,.16)",no computed value,not-comparable
_m,mk-tag-5-2,customDeclarations:padding,5px 10px,no computed value,not-comparable
_m,mk-tag-5-2,customDeclarations:transition,"border-color .2s ease,color .2s ease",composite or raw value,not-comparable
_m,mk-tag-5-3,customDeclarations:border,"1px solid rgba(22,24,28,.16)",no computed value,not-comparable
_m,mk-tag-5-3,customDeclarations:padding,5px 10px,no computed value,not-comparable
_m,mk-tag-5-3,customDeclarations:transition,"border-color .2s ease,color .2s ease",composite or raw value,not-comparable
_m,mk-tag-5-4,customDeclarations:border,"1px solid rgba(22,24,28,.16)",no computed value,not-comparable
_m,mk-tag-5-4,customDeclarations:padding,5px 10px,no computed value,not-comparable
_m,mk-tag-5-4,customDeclarations:transition,"border-color .2s ease,color .2s ease",composite or raw value,not-comparable
_m,mk-tag-6-0,customDeclarations:border,"1px solid rgba(22,24,28,.16)",no computed value,not-comparable
_m,mk-tag-6-0,customDeclarations:padding,5px 10px,no computed value,not-comparable
_m,mk-tag-6-0,customDeclarations:transition,"border-color .2s ease,color .2s ease",composite or raw value,not-comparable
_m,mk-tag-6-1,customDeclarations:border,"1px solid rgba(22,24,28,.16)",no computed value,not-comparable
_m,mk-tag-6-1,customDeclarations:padding,5px 10px,no computed value,not-comparable
_m,mk-tag-6-1,customDeclarations:transition,"border-color .2s ease,color .2s ease",composite or raw value,not-comparable
_m,mk-tag-6-2,customDeclarations:border,"1px solid rgba(22,24,28,.16)",no computed value,not-comparable
_m,mk-tag-6-2,customDeclarations:padding,5px 10px,no computed value,not-comparable
_m,mk-tag-6-2,customDeclarations:transition,"border-color .2s ease,color .2s ease",composite or raw value,not-comparable
_m,mk-tag-6-3,customDeclarations:border,"1px solid rgba(22,24,28,.16)",no computed value,not-comparable
_m,mk-tag-6-3,customDeclarations:padding,5px 10px,no computed value,not-comparable
_m,mk-tag-6-3,customDeclarations:transition,"border-color .2s ease,color .2s ease",composite or raw value,not-comparable
_m,mk-tag-6-4,customDeclarations:border,"1px solid rgba(22,24,28,.16)",no computed value,not-comparable
_m,mk-tag-6-4,customDeclarations:padding,5px 10px,no computed value,not-comparable
_m,mk-tag-6-4,customDeclarations:transition,"border-color .2s ease,color .2s ease",composite or raw value,not-comparable
_m,mk-tag-7-0,customDeclarations:border,"1px solid rgba(22,24,28,.16)",no computed value,not-comparable
_m,mk-tag-7-0,customDeclarations:padding,5px 10px,no computed value,not-comparable
_m,mk-tag-7-0,customDeclarations:transition,"border-color .2s ease,color .2s ease",composite or raw value,not-comparable
_m,mk-tag-7-1,customDeclarations:border,"1px solid rgba(22,24,28,.16)",no computed value,not-comparable
_m,mk-tag-7-1,customDeclarations:padding,5px 10px,no computed value,not-comparable
_m,mk-tag-7-1,customDeclarations:transition,"border-color .2s ease,color .2s ease",composite or raw value,not-comparable
_m,mk-tag-7-2,customDeclarations:border,"1px solid rgba(22,24,28,.16)",no computed value,not-comparable
_m,mk-tag-7-2,customDeclarations:padding,5px 10px,no computed value,not-comparable
_m,mk-tag-7-2,customDeclarations:transition,"border-color .2s ease,color .2s ease",composite or raw value,not-comparable
_m,mk-tag-7-3,customDeclarations:border,"1px solid rgba(22,24,28,.16)",no computed value,not-comparable
_m,mk-tag-7-3,customDeclarations:padding,5px 10px,no computed value,not-comparable
_m,mk-tag-7-3,customDeclarations:transition,"border-color .2s ease,color .2s ease",composite or raw value,not-comparable
_m,mk-tag-7-4,customDeclarations:border,"1px solid rgba(22,24,28,.16)",no computed value,not-comparable
_m,mk-tag-7-4,customDeclarations:padding,5px 10px,no computed value,not-comparable
_m,mk-tag-7-4,customDeclarations:transition,"border-color .2s ease,color .2s ease",composite or raw value,not-comparable
_m,mk-ticker,backgroundColor,"rgb(22,24,28)","rgb(22, 24, 28)",ok
_m,mk-ticker,paddingTop,11px,11px,ok
_m,mk-ticker,paddingBottom,11px,11px,ok
_m,mk-ticker,customDeclarations:overflow,hidden,no computed value,not-comparable
_m,mk-ticker-track,display,flex,flex,ok
_m,mk-ticker-track,columnGap,0px,0px,ok
_m,mk-voice-0,paddingTop,26px,26px,ok
_m,mk-voice-0,paddingRight,0px,0px,ok
_m,mk-voice-0,paddingBottom,26px,26px,ok
_m,mk-voice-0,paddingLeft,0px,0px,ok
_m,mk-voice-0,customDeclarations:border-top,"1px solid rgba(22,24,28,.16)",no computed value,not-comparable
_m,mk-voice-0,customDeclarations:border-left,0,no computed value,not-comparable
_m,mk-voice-1,paddingTop,26px,26px,ok
_m,mk-voice-1,paddingRight,0px,0px,ok
_m,mk-voice-1,paddingBottom,26px,26px,ok
_m,mk-voice-1,paddingLeft,0px,0px,ok
_m,mk-voice-1,customDeclarations:border-top,"1px solid rgba(22,24,28,.16)",no computed value,not-comparable
_m,mk-voice-1,customDeclarations:border-left,0,no computed value,not-comparable
_m,mk-voice-2,paddingTop,26px,26px,ok
_m,mk-voice-2,paddingRight,0px,0px,ok
_m,mk-voice-2,paddingBottom,26px,26px,ok
_m,mk-voice-2,paddingLeft,0px,0px,ok
_m,mk-voice-2,customDeclarations:border-top,"1px solid rgba(22,24,28,.16)",no computed value,not-comparable
_m,mk-voice-2,customDeclarations:border-left,0,no computed value,not-comparable
_m,mk-voice-a-0,marginTop,22px,22px,ok
_m,mk-voice-a-1,marginTop,22px,22px,ok
_m,mk-voice-a-2,marginTop,22px,22px,ok
_m,mk-voice-grid,display,grid,grid,ok
_m,mk-voice-grid,gridCols,"repeat(1, 1fr)",354px,ok
_m,mk-voice-grid,columnGap,0px,0px,ok
_m,mk-voice-grid,rowGap,0px,0px,ok
_m,mk-voice-grid,marginTop,42px,42px,ok
_m,mk-voice-head,display,grid,grid,ok
_m,mk-voice-head,gridCols,48px 1fr,48px 306px,ok
_m,mk-voice-head,columnGap,0px,0px,ok
_m,mk-voice-head,alignItems,start,start,ok
_m,mk-voice-head,paddingTop,22px,22px,ok
_m,mk-voice-head,customDeclarations:border-top,"1px solid rgba(22,24,28,.16)",no computed value,not-comparable
_m,mk-voice-in,width,100%,viewport- or parent-relative,not-comparable
_m,mk-voice-in,maxWidth,1240px,1240px,ok
_m,mk-voice-in,marginLeft,auto,auto resolves to a used value (0px),not-comparable
_m,mk-voice-in,marginRight,auto,auto resolves to a used value (0px),not-comparable
_m,mk-voice-pad,paddingTop,56px,56px,ok
_m,mk-voices,backgroundColor,"rgb(250,250,247)","rgb(250, 250, 247)",ok
_m,mk-voices,paddingLeft,18px,18px,ok
_m,mk-voices,paddingRight,18px,18px,ok
_m,mk-voices,fontFamily,"'Noto Sans TC','PingFang TC','Hiragino Sans TC','Microsoft JhengHei',sans-serif","""Noto Sans TC"", ""PingFang TC"", ""Hiragino Sans TC"", ""Microsoft JhengHei"", sans-serif",ok
_m,mk-work-0,display,grid,grid,ok
_m,mk-work-0,gridCols,1fr,354px,ok
_m,mk-work-0,columnGap,20px,20px,ok
_m,mk-work-0,alignItems,baseline,baseline,ok
_m,mk-work-0,paddingTop,15px,15px,ok
_m,mk-work-0,paddingBottom,15px,15px,ok
_m,mk-work-0,cursor,pointer,pointer,ok
_m,mk-work-0,customDeclarations:border-bottom,"1px solid rgba(22,24,28,.16)",no computed value,not-comparable
_m,mk-work-0,rowGap,5px,5px,ok
_m,mk-work-1,display,grid,grid,ok
_m,mk-work-1,gridCols,1fr,354px,ok
_m,mk-work-1,columnGap,20px,20px,ok
_m,mk-work-1,alignItems,baseline,baseline,ok
_m,mk-work-1,paddingTop,15px,15px,ok
_m,mk-work-1,paddingBottom,15px,15px,ok
_m,mk-work-1,cursor,pointer,pointer,ok
_m,mk-work-1,customDeclarations:border-bottom,"1px solid rgba(22,24,28,.16)",no computed value,not-comparable
_m,mk-work-1,rowGap,5px,5px,ok
_m,mk-work-2,display,grid,grid,ok
_m,mk-work-2,gridCols,1fr,354px,ok
_m,mk-work-2,columnGap,20px,20px,ok
_m,mk-work-2,alignItems,baseline,baseline,ok
_m,mk-work-2,paddingTop,15px,15px,ok
_m,mk-work-2,paddingBottom,15px,15px,ok
_m,mk-work-2,cursor,pointer,pointer,ok
_m,mk-work-2,customDeclarations:border-bottom,"1px solid rgba(22,24,28,.16)",no computed value,not-comparable
_m,mk-work-2,rowGap,5px,5px,ok
_m,mk-work-3,display,grid,grid,ok
_m,mk-work-3,gridCols,1fr,354px,ok
_m,mk-work-3,columnGap,20px,20px,ok
_m,mk-work-3,alignItems,baseline,baseline,ok
_m,mk-work-3,paddingTop,15px,15px,ok
_m,mk-work-3,paddingBottom,15px,15px,ok
_m,mk-work-3,cursor,pointer,pointer,ok
_m,mk-work-3,customDeclarations:border-bottom,"1px solid rgba(22,24,28,.16)",no computed value,not-comparable
_m,mk-work-3,rowGap,5px,5px,ok
_m,mk-work-4,display,grid,grid,ok
_m,mk-work-4,gridCols,1fr,354px,ok
_m,mk-work-4,columnGap,20px,20px,ok
_m,mk-work-4,alignItems,baseline,baseline,ok
_m,mk-work-4,paddingTop,15px,15px,ok
_m,mk-work-4,paddingBottom,15px,15px,ok
_m,mk-work-4,cursor,pointer,pointer,ok
_m,mk-work-4,customDeclarations:border-bottom,"1px solid rgba(22,24,28,.16)",no computed value,not-comparable
_m,mk-work-4,rowGap,5px,5px,ok
_m,mk-work-5,display,grid,grid,ok
_m,mk-work-5,gridCols,1fr,354px,ok
_m,mk-work-5,columnGap,20px,20px,ok
_m,mk-work-5,alignItems,baseline,baseline,ok
_m,mk-work-5,paddingTop,15px,15px,ok
_m,mk-work-5,paddingBottom,15px,15px,ok
_m,mk-work-5,cursor,pointer,pointer,ok
_m,mk-work-5,customDeclarations:border-bottom,"1px solid rgba(22,24,28,.16)",no computed value,not-comparable
_m,mk-work-5,rowGap,5px,5px,ok
_m,mk-work-6,display,grid,grid,ok
_m,mk-work-6,gridCols,1fr,354px,ok
_m,mk-work-6,columnGap,20px,20px,ok
_m,mk-work-6,alignItems,baseline,baseline,ok
_m,mk-work-6,paddingTop,15px,15px,ok
_m,mk-work-6,paddingBottom,15px,15px,ok
_m,mk-work-6,cursor,pointer,pointer,ok
_m,mk-work-6,customDeclarations:border-bottom,"1px solid rgba(22,24,28,.16)",no computed value,not-comparable
_m,mk-work-6,rowGap,5px,5px,ok
_m,mk-work-7,display,grid,grid,ok
_m,mk-work-7,gridCols,1fr,354px,ok
_m,mk-work-7,columnGap,20px,20px,ok
_m,mk-work-7,alignItems,baseline,baseline,ok
_m,mk-work-7,paddingTop,15px,15px,ok
_m,mk-work-7,paddingBottom,15px,15px,ok
_m,mk-work-7,cursor,pointer,pointer,ok
_m,mk-work-7,customDeclarations:border-bottom,"1px solid rgba(22,24,28,.16)",no computed value,not-comparable
_m,mk-work-7,rowGap,5px,5px,ok
_m,mk-work-8,display,grid,grid,ok
_m,mk-work-8,gridCols,1fr,354px,ok
_m,mk-work-8,columnGap,20px,20px,ok
_m,mk-work-8,alignItems,baseline,baseline,ok
_m,mk-work-8,paddingTop,15px,15px,ok
_m,mk-work-8,paddingBottom,15px,15px,ok
_m,mk-work-8,cursor,pointer,pointer,ok
_m,mk-work-8,customDeclarations:border-bottom,"1px solid rgba(22,24,28,.16)",no computed value,not-comparable
_m,mk-work-8,rowGap,5px,5px,ok
_m,mk-work-idx-0,color,"rgb(107,109,113)","rgb(107, 109, 113)",ok
_m,mk-work-idx-0,fontSize,12px,12px,ok
_m,mk-work-idx-0,fontFamily,"'IBM Plex Mono',ui-monospace,SFMono-Regular,Menlo,Consolas,monospace","""IBM Plex Mono"", ui-monospace, SFMono-Regular, Menlo, Consolas, monospace",ok
_m,mk-work-idx-0,letterSpacing,0.04em,0.48px,ok
_m,mk-work-idx-0,transitionAll,180ms ease,composite or raw value,not-comparable
_m,mk-work-idx-1,color,"rgb(107,109,113)","rgb(107, 109, 113)",ok
_m,mk-work-idx-1,fontSize,12px,12px,ok
_m,mk-work-idx-1,fontFamily,"'IBM Plex Mono',ui-monospace,SFMono-Regular,Menlo,Consolas,monospace","""IBM Plex Mono"", ui-monospace, SFMono-Regular, Menlo, Consolas, monospace",ok
_m,mk-work-idx-1,letterSpacing,0.04em,0.48px,ok
_m,mk-work-idx-1,transitionAll,180ms ease,composite or raw value,not-comparable
_m,mk-work-idx-2,color,"rgb(107,109,113)","rgb(107, 109, 113)",ok
_m,mk-work-idx-2,fontSize,12px,12px,ok
_m,mk-work-idx-2,fontFamily,"'IBM Plex Mono',ui-monospace,SFMono-Regular,Menlo,Consolas,monospace","""IBM Plex Mono"", ui-monospace, SFMono-Regular, Menlo, Consolas, monospace",ok
_m,mk-work-idx-2,letterSpacing,0.04em,0.48px,ok
_m,mk-work-idx-2,transitionAll,180ms ease,composite or raw value,not-comparable
_m,mk-work-idx-3,color,"rgb(107,109,113)","rgb(107, 109, 113)",ok
_m,mk-work-idx-3,fontSize,12px,12px,ok
_m,mk-work-idx-3,fontFamily,"'IBM Plex Mono',ui-monospace,SFMono-Regular,Menlo,Consolas,monospace","""IBM Plex Mono"", ui-monospace, SFMono-Regular, Menlo, Consolas, monospace",ok
_m,mk-work-idx-3,letterSpacing,0.04em,0.48px,ok
_m,mk-work-idx-3,transitionAll,180ms ease,composite or raw value,not-comparable
_m,mk-work-idx-4,color,"rgb(107,109,113)","rgb(107, 109, 113)",ok
_m,mk-work-idx-4,fontSize,12px,12px,ok
_m,mk-work-idx-4,fontFamily,"'IBM Plex Mono',ui-monospace,SFMono-Regular,Menlo,Consolas,monospace","""IBM Plex Mono"", ui-monospace, SFMono-Regular, Menlo, Consolas, monospace",ok
_m,mk-work-idx-4,letterSpacing,0.04em,0.48px,ok
_m,mk-work-idx-4,transitionAll,180ms ease,composite or raw value,not-comparable
_m,mk-work-idx-5,color,"rgb(107,109,113)","rgb(107, 109, 113)",ok
_m,mk-work-idx-5,fontSize,12px,12px,ok
_m,mk-work-idx-5,fontFamily,"'IBM Plex Mono',ui-monospace,SFMono-Regular,Menlo,Consolas,monospace","""IBM Plex Mono"", ui-monospace, SFMono-Regular, Menlo, Consolas, monospace",ok
_m,mk-work-idx-5,letterSpacing,0.04em,0.48px,ok
_m,mk-work-idx-5,transitionAll,180ms ease,composite or raw value,not-comparable
_m,mk-work-idx-6,color,"rgb(107,109,113)","rgb(107, 109, 113)",ok
_m,mk-work-idx-6,fontSize,12px,12px,ok
_m,mk-work-idx-6,fontFamily,"'IBM Plex Mono',ui-monospace,SFMono-Regular,Menlo,Consolas,monospace","""IBM Plex Mono"", ui-monospace, SFMono-Regular, Menlo, Consolas, monospace",ok
_m,mk-work-idx-6,letterSpacing,0.04em,0.48px,ok
_m,mk-work-idx-6,transitionAll,180ms ease,composite or raw value,not-comparable
_m,mk-work-idx-7,color,"rgb(107,109,113)","rgb(107, 109, 113)",ok
_m,mk-work-idx-7,fontSize,12px,12px,ok
_m,mk-work-idx-7,fontFamily,"'IBM Plex Mono',ui-monospace,SFMono-Regular,Menlo,Consolas,monospace","""IBM Plex Mono"", ui-monospace, SFMono-Regular, Menlo, Consolas, monospace",ok
_m,mk-work-idx-7,letterSpacing,0.04em,0.48px,ok
_m,mk-work-idx-7,transitionAll,180ms ease,composite or raw value,not-comparable
_m,mk-work-idx-8,color,"rgb(107,109,113)","rgb(107, 109, 113)",ok
_m,mk-work-idx-8,fontSize,12px,12px,ok
_m,mk-work-idx-8,fontFamily,"'IBM Plex Mono',ui-monospace,SFMono-Regular,Menlo,Consolas,monospace","""IBM Plex Mono"", ui-monospace, SFMono-Regular, Menlo, Consolas, monospace",ok
_m,mk-work-idx-8,letterSpacing,0.04em,0.48px,ok
_m,mk-work-idx-8,transitionAll,180ms ease,composite or raw value,not-comparable
_m,mk-works-foot,paddingTop,16px,16px,ok
_m,mk-works-head,display,grid,grid,ok
_m,mk-works-head,gridCols,48px 1fr,48px 306px,ok
_m,mk-works-head,columnGap,0px,0px,ok
_m,mk-works-head,alignItems,start,start,ok
_m,mk-works-head,paddingTop,22px,22px,ok
_m,mk-works-head,customDeclarations:border-top,"1px solid rgba(22,24,28,.16)",no computed value,not-comparable
_m,mk-works-in,width,100%,viewport- or parent-relative,not-comparable
_m,mk-works-in,maxWidth,1240px,1240px,ok
_m,mk-works-in,marginLeft,auto,auto resolves to a used value (0px),not-comparable
_m,mk-works-in,marginRight,auto,auto resolves to a used value (0px),not-comparable
_m,mk-works-pad,paddingTop,56px,56px,ok
_m,mk-works-table,marginTop,32px,32px,ok
_m,mk-works-thead,display,none,none,ok
_m,mk-works-thead,gridCols,60px 1.4fr 1fr 1fr,60px 1.4fr 1fr 1fr,ok
_m,mk-works-thead,columnGap,20px,20px,ok
_m,mk-works-thead,paddingBottom,12px,12px,ok
_m,mk-works-thead,customDeclarations:border-bottom,"1px solid rgba(22,24,28,.34)",no computed value,not-comparable
_m,plate,backgroundColor,"rgb(243,243,239)","rgb(243, 243, 239)",ok
_m,plate,paddingLeft,18px,18px,ok
_m,plate,paddingRight,18px,18px,ok
_m,plate,fontFamily,"'Noto Sans TC','PingFang TC','Hiragino Sans TC','Microsoft JhengHei',sans-serif","""Noto Sans TC"", ""PingFang TC"", ""Hiragino Sans TC"", ""Microsoft JhengHei"", sans-serif",ok
_m,process,backgroundColor,"rgb(250,250,247)","rgb(250, 250, 247)",ok
_m,process,paddingLeft,18px,18px,ok
_m,process,paddingRight,18px,18px,ok
_m,process,fontFamily,"'Noto Sans TC','PingFang TC','Hiragino Sans TC','Microsoft JhengHei',sans-serif","""Noto Sans TC"", ""PingFang TC"", ""Hiragino Sans TC"", ""Microsoft JhengHei"", sans-serif",ok
_m,products,backgroundColor,"rgb(22,24,28)","rgb(22, 24, 28)",ok
_m,products,paddingLeft,18px,18px,ok
_m,products,paddingRight,18px,18px,ok
_m,products,fontFamily,"'Noto Sans TC','PingFang TC','Hiragino Sans TC','Microsoft JhengHei',sans-serif","""Noto Sans TC"", ""PingFang TC"", ""Hiragino Sans TC"", ""Microsoft JhengHei"", sans-serif",ok
_m,services,backgroundColor,"rgb(250,250,247)","rgb(250, 250, 247)",ok
_m,services,paddingLeft,18px,18px,ok
_m,services,paddingRight,18px,18px,ok
_m,services,fontFamily,"'Noto Sans TC','PingFang TC','Hiragino Sans TC','Microsoft JhengHei',sans-serif","""Noto Sans TC"", ""PingFang TC"", ""Hiragino Sans TC"", ""Microsoft JhengHei"", sans-serif",ok
_m,specimen,backgroundColor,"rgb(22,24,28)","rgb(22, 24, 28)",ok
_m,specimen,paddingLeft,18px,18px,ok
_m,specimen,paddingRight,18px,18px,ok
_m,specimen,fontFamily,"'Noto Sans TC','PingFang TC','Hiragino Sans TC','Microsoft JhengHei',sans-serif","""Noto Sans TC"", ""PingFang TC"", ""Hiragino Sans TC"", ""Microsoft JhengHei"", sans-serif",ok
_m,stack,backgroundColor,"rgb(250,250,247)","rgb(250, 250, 247)",ok
_m,stack,paddingLeft,18px,18px,ok
_m,stack,paddingRight,18px,18px,ok
_m,stack,fontFamily,"'Noto Sans TC','PingFang TC','Hiragino Sans TC','Microsoft JhengHei',sans-serif","""Noto Sans TC"", ""PingFang TC"", ""Hiragino Sans TC"", ""Microsoft JhengHei"", sans-serif",ok
_m,works,backgroundColor,"rgb(250,250,247)","rgb(250, 250, 247)",ok
_m,works,paddingLeft,18px,18px,ok
_m,works,paddingRight,18px,18px,ok
_m,works,fontFamily,"'Noto Sans TC','PingFang TC','Hiragino Sans TC','Microsoft JhengHei',sans-serif","""Noto Sans TC"", ""PingFang TC"", ""Hiragino Sans TC"", ""Microsoft JhengHei"", sans-serif",ok
